moodle,moodle,b0a583932a735bc6a205d0c203a94b6fdd94995c,5fceb11e6c9025b374949b8b75c0cbd142bdbab8,None
torvalds,linux,9581d442b9058d3699b4be568b6e5eae38a41493,2b666ca4a68cbc22483b0f2e1ba3c0e59b01ae9e,None
torvalds,linux,06e799764eb7c2e4640888d438c3524d756613e1,c935a331c8f569c7903ed26a3994a70cbea1802e,None
torvalds,linux,622c81d57b392cc9be836670eb464a4dfaa9adfe,3d1bec99320d4e96897805440f8cf4f68eff226b,None
torvalds,linux,a71b676fa9b92119c0fb4e3fab34e45a17f15107,f341dddf1dadf64be309791f83d7904245f1261d,None
vanilla,vanilla,9049a17454628c07221675128c4a662a58819272,025156c900c7d72ab9811568accc7a49dba2ecc8,Error
vanilla,vanilla,3897b16cdb36e1c35c83cb0a4c017ced89cf6fce,920486d61221779f4010f39657a91ab3825b4d36,Error
vanilla,vanilla,f8b4d1fab5e69a960a2a56c9817aab9bb5b46b66,0a22506c76ac419d390d5d1bde5ec5f48b195358,Error
moodle,moodle,70e9b59d228face74faea3f9440a48a4092c76bc,d371392a7be7ccb03dc589977e01f3a156661cdf,None
vanilla,vanilla,964a3fcf6efa645188d1fb0bc3f5a3198a8bdbae,53c917efc533422be7752b2b5db81193f4401359,Error
moodle,moodle,45ae1da26333c747c7900e284944521a519c6dd8,3f08e9b98a4ef39a5ce4aca110aecaa3bc873b7c,None
vanilla,vanilla,9df54de9795250f609dbe724b75cace2a0b992f4,f3fe692c30a27506efe5c30da94c49345569359c,Error
vanilla,vanilla,2d0d41e1d61aae0ed4913ebebdc5655b70ac2b4c,c3245a10878c9cb095a79e4581640995f43c3b4c,Error
churchio,onebody,b0194b311b84db8c0c95242e7e7dc8a27d7166cd,04b1ebb7ee3a0d98705a82e792ab66b6dfbabdc0,Error
churchio,onebody,96605850081852b8a8962b47df1fafc462511366,c603d8898d1ea01315178914f4e7d63a6f9e0b26,Error
rubinius,rubinius,6a23ed5d8b1fc7a81769fb502e98625a62e67cca,75842e976ec1db29b3719101c7fd3cca4df1a00c,None
rubinius,rubinius,738badb0f75a466d2d7a3af11c9fd903c156fd59,573964b7e98d44b7d87bd8ecd1e2ec0321ca2947,None
vanilla,vanilla,dd949d76263e5cba8dd64bd72f7023219bc85c01,2c56bd34645e12cfb9b3b86dc2c6038ba7bddb47,Error
vanilla,vanilla,9d3d1eb813b3f43703222e09b82df7d5376fc7e5,d91b512fe6337e1cee23f3ce2e2c732235c4d4d1,Error
vanilla,vanilla,31484fe7a0db80b8ff8e9e46fbd8215ca20ccb79,b5a6fc954c891ef38477a05f245d6abf0b7eb2a8,Error
rubinius,rubinius,1d69526c484cc9435a7198e41b8995db6c3acf1a,4aa59c4128290b702802ebe41be44edda27da9a9,None
vanilla,vanilla,7acbe344c0c98ad56b0ed770649c0a69f9e98b83,77007459d76d86cb11837e1452081e6b447bcf9c,Error
vanilla,vanilla,964a3fcf6efa645188d1fb0bc3f5a3198a8bdbae,53c917efc533422be7752b2b5db81193f4401359,Error
torvalds,linux,21c5977a836e399fc710ff2c5367845ed5c2527f,ec8f9ceacef719a844ca269d654502af6a00a273,None
torvalds,linux,b79a79471bd31d737c939a6ddc347417047b4320,082ba88a5e6b1425abed3fae4ad65e0e985ed081,None
torvalds,linux,1c0ad3d492adf670e47bf0a3d65c6ba5cdee0114,ffd8d3fa5813430fe3926fe950fde23630f6b1a0,None
torvalds,linux,316a4d966cae3c2dec83ebb1ee1a3515f97b30ff,c2ff581acab16c6af56d9e8c1a579bf041ec00b1,None
raspberrypi,linux,fc878efe84c342441706fcdf776e08fe455fe9c1,9f0df936b1b93a7fab5b9ed73009f43369c121ea,None
vanilla,vanilla,dd949d76263e5cba8dd64bd72f7023219bc85c01,2c56bd34645e12cfb9b3b86dc2c6038ba7bddb47,Error
torvalds,linux,9ab6e6e7db3027728067a827b2366b2aca4f519d,0378c9a855bfa395f595fbfb049707093e270f69,None
vanilla,vanilla,d6b92bbcfa01f3aa2de75e348ce43db622b20a28,51ec43388faf10f8779346d323aff1bd08c42eb7,Error
torvalds,linux,172f993a2941ec60685c7e33af8be701759de1ab,e3fea3f70fd68af0574a5f24246cdb4ed07f2b74,None
rubinius,rubinius,9d562557cb279370c85752b7811be1d5dd012647,cbc12aae34e9d2e1dc6dd5888450f871962b2683,None
rubinius,rubinius,71307c31cc443b87ce941d92314920acc179ece1,2d6017b6107a7017a434d945a4acdf0caadc1544,None
twitter,finagle,def012a74fa0da4cc6eb8c5f51d34ce500858fd2,c80cccfc575494275cfb9d9fbb6a6800b1e7409d,None
vanilla,vanilla,0a22506c76ac419d390d5d1bde5ec5f48b195358,2e25c61a94796f5805a7eafbbc3660557db74839,Error
torvalds,linux,930ba4a374b96560ef9fde2145cdc454a164ddcc,67296874eb1cc80317bf2a8fba22b494e21eb29b,None
moodle,moodle,5642a8e51586df7a129b14904ea4f558fd704e9d,e6c2edbf7c1b5c247330a7ba430b1912a980ecc7,None
torvalds,linux,72159bb6a0471281d6bac3bef0168953952ab254,2b51cb033bb7d961fec771c3a09ed71da2d31861,None
vanilla,vanilla,3897b16cdb36e1c35c83cb0a4c017ced89cf6fce,920486d61221779f4010f39657a91ab3825b4d36,Error
torvalds,linux,1619ed8f60959829d070d8f39cd2f8ca0e7135ce,46cc1e5fce46e71f27e542125e045827a6bb776e,None
vanilla,vanilla,5de0486df09fd610dd1e122643a3a9dd67d63e50,90a24d801c4ba4c27da2312fe6efa5abb32afb1d,Error
moodle,moodle,75b986e7f54d747e65aaae7568f255ad1af853d5,b7315f3502fff5b7caf62d57e7846114e69ae102,None
moodle,moodle,52ecd1de0ab6fe4c8752cdd38b26b6bd3f9db95d,da4c33f510aabc0d7443c29a7c097cfd54b6c4a4,None
torvalds,linux,ea8ee240251cbac73b66d70d35eeabfbff86d3ce,89fd2e282ad510f801c1f44a660086f9d5bdf088,None
torvalds,linux,fc878efe84c342441706fcdf776e08fe455fe9c1,9f0df936b1b93a7fab5b9ed73009f43369c121ea,None
vanilla,vanilla,82300bfded682bf4551833767535624a449d6be2,cd4320c21692c2a9d82c4241ef97733313505d12,Error
vanilla,vanilla,dbc143d85df8e2b8bebffde1b1ee77d8ad82a8ed,973515e6de2595ed475989c08001960edab180e6,Error
torvalds,linux,d6e164e3215794f9920af69cd2c6794632773478,e445dd5f6745922bf4d8c18e1f071b28c5a061bb,None
vanilla,vanilla,b79151d1a1a713ff39355ed0dd10319bc615116a,0630c700cf502973196687938c71747a58d3de95,Error
vanilla,vanilla,4535a059e4e24ca11a2ef0b4d754f262398bcece,a2059acde59f1d2596f698388c9438640abb30e6,Error
vanilla,vanilla,44de5f807dfd621e9a9f43b0bd159be532ba0b51,43ec3c51c6606e483642b4f639b9f13a673b13ef,Error
vanilla,vanilla,bd302be7d2103139a2b8db8fa5ee76a236c66fc8,5393e0d28e2c0fea05585e103b660226680141fb,Error
torvalds,linux,785ef73dba6e9fefd2e5dd24546e0efa8698e5cd,70ad89a2508936c553d0222cc0b7c95648ee3580,None
moodle,moodle,45ae1da26333c747c7900e284944521a519c6dd8,3f08e9b98a4ef39a5ce4aca110aecaa3bc873b7c,None
torvalds,linux,23a9072e3af0d9538e25837fb2b56bb94e4a8e67,b44540ea024b9280c9be9d055f084e0956bcfa44,None
vanilla,vanilla,46853ddc1e43f0e76db39bb7efeafc0f3e8cb33b,43d8c75dfb14040980c8ff2f1b8dc328ff65f1c2,Error
moodle,moodle,e101802eb5e6bfdf3e49738b13b6725348a93c99,59b292077867dfa0d942da8ab565f29e3fa89b03,None
vanilla,vanilla,757ad20496eb858caa43396a442a9e93f749ee3d,925c49545ec942992adf7eb1a7993a69d39e5ef1,Error
moodle,moodle,4287c1c2a043f3f0447730ced74e0ddb1b6004eb,7d8f881a493c858366ccb9d27e7f727fd77da439,None
moodle,moodle,61367eb63944d45a985b6cc4950661fd342773a6,066ec13585c78c4deb74700387c815a7297c996a,None
torvalds,linux,27c4a1c5ef61b6d4a9aeae68b24419b4319b97ed,bc19b9a81da009fd1d797d756d41b518ac7e5f14,None
rubinius,rubinius,e9e2c98091069ebf5d82c0fe2430c8266eadbe0d,dd7f76febefbb62c1259f2abc3252378c386b427,None
nodejs,http-parser,9f59cd926f242b5aa0bc04149368d1cb0078a461,1776708191e5ba7ac4b8a1e06d3a55f363cfbfe0,None
torvalds,linux,b7ba7b469a4ffc2907c355a3c0873173567d9038,ff419b3f95ab7a97c5f72876b53f12a249dacc2a,None
torvalds,linux,01c5f864e62b1c1ee72fb492c6c5e47a162a507b,10cdc3f3cd541bfeaaf1c6e1710b1500ca19aa7f,None
vanilla,vanilla,50c55bed8fcca7c67f6c385d6599fd1356e68e10,5f6f4afb8cb371d53c97dddcd31ee227cdade6fb,Error
apache,flink,649f9578bce56e118ec973218271262286c534a9,3e85fc6138b555a6a5595fcba73a024b2dd5c179,None
torvalds,linux,983d9e065b37dac5aaa2d5a819bdd5b5a0b78c8c,04b03594c73c1877a98c7a657cc45bf5e9d89f7c,None
