owner,project,sha,sha-p,main(sha),main(sha-p),main(diff)
BradLarson,GPUImage,5a1ea832cca2f9b402444af0ed1537f3df74199a,2f8e61c4ffcdfa93ee3d8f39f8110e61cfc3daf1,-6187.7888701632355,-6180.657474580229,-7.1313955830064515
composer,composer,3a03b51ae324af0c886edcc25e3313787bd3cf68,5292f2b402aee06d51856ccd74e03665f1dc8d67,970.6721728738233,970.6721728738233,0.0
josh,rails,bfc432574d0b141fd7fe759edfe9b6771dd306bd,586a944ddd4d03e66dea1093306147594748037a,13973.63025361697,13973.63025361697,0.0
nextcloud,server,d01b78a4b486860ab7110677e9969a37ee2a832f,4e327295c65b25fc5d6ceec5a8242eecf57b94e2,-58372.70895866615,-58372.70895866615,0.0
mantisbt,mantisbt,edb817991b99cd5538f102be26865fde7c6b7212,61e90d0653f1532010a00eddb70609395a42ec6c,-81695.17099750602,-81695.17099750602,0.0
openssl,openssl,4a23b12a031860253b58d503f296377ca076427b,80bd7b41b30af6ee96f519e629463583318de3b0,-1880221.2660152183,-1880180.5676501216,-40.69836509670131
php,php-src,e69b1ff2c43fbfd672097e9f8b25dead81f34ccf,da400e7500e236a332b8104b373e60e842bbd63e,-6270938.20748016,-6271095.988365241,157.78088508173823
rubinius,rubinius,448f5dc7e41b87ea3644dcdabaf2150ef2617ecd,0f2be377d10a9b878b404dcde5e437b69ca8edf6,828.8951950514255,827.4161335193089,1.4790615321165888
josh,rails,6a519401176126cd808aa5e3562a21f34a64de65,8a35865b747e0e96ae53e45997d6742f8f0ccfc3,4820.794750434781,4826.554626740181,-5.759876305400212
josh,rails,306dc1a499908ba105e6b0fe8b8e01824c5e04d7,e759b5277e404cb0ca8353d0c6eba8a5c471af41,18776.324155116235,18901.96400974082,-125.63985462458368
cakephp,cakephp,819cd1d667090c5b0cee9fc525dd312fe647c978,d60191a1f6e396e94f63db43c41353a19d5dfda5,-4961.5035779695745,-4972.409828046437,10.906250076862307
grails,grails-core,b2e1ca445f26a2a6a58a284b4089ffd1e65ddaf6,a5988e10e2f5229719b34b3c48cf395a066a3105,18470.978701567776,18459.69849576041,11.280205807364837
nginx,nginx-releases,12368999b3ed45cde5e4cea8ea985d4444dcd932,27294215f36bb3c0e2ed2f438f615efc2bc67260,-34719.348971894025,-34725.374193633645,6.025221739619155
josh,rails,060c91cd59ab86583a8f2f52142960d3433f62f5,9340f89849606dba02f44038171f3837f883fd4e,15802.99807999284,15807.086667655383,-4.088587662543432
owncloud,core,211a546600de0d108d3c1b66602dec681ff18837,b0ecef02e905972bdd963ba03610e5c025a36e1b,-10759.841468457029,-10968.985596256425,209.1441277993963
moodle,moodle,f1f70bd4dde6cd1ea4bdb8ab28fa3d36a53b89d8,3fdc6226970bd9da9d202ba9800b8ed2a2689075,-7205495.354432245,-7205458.373177705,-36.98125453945249
edx,edx-platform,09e1f9ed71910341b1e806466d70308162dbb832,2ba5d483fc46cf60dba99fb1122d36268cac8ee5,31224.403612393926,31218.430175118574,5.973437275351898
moodle,moodle,3fe3851d57edb91865702ff7d90c1e1d3f6f2b03,a0bac19d81e04081cb2409110eb538adf3998c36,-8892.331292941208,-8875.901879551144,-16.429413390063928
Graylog2,graylog2-server,55c17eae2e7f7ea12602c6019e18dd528b248646,1e4ae741ef0a160630628cc9e1d31bfdbb581998,3619.6817791138587,3618.2975039188996,1.384275194959173
postgres,postgres,0a73f69cb4842f46c1a080b3375b0f268ba1e5de,11cb598c397eaa18916c1a0f944f3ead05dab971,-1009912.2238741046,-1009912.2238741046,0.0
frappe,erpnext,62c7deee00a8a61942c1434164a4597ce52e7594,fcefc601e09507facd430594307979db65f42650,34889.61119895476,34889.61119895476,0.0
nextcloud,server,0074062b5329c3d43679909fddce2d70608a4475,5c6a7172cafc395d38c58d1b5afd6b36efb33ad5,-11386.98012091123,-11386.98012091123,0.0
josh,rails,b93c590297ba65a6c5b18655a7790163abcb06f1,3ddd7f7ec9b156e4b7de4c23d448c2db98f30504,12027.815292823174,12025.101902611925,2.713390211249134
FFmpeg,FFmpeg,0eaec10550bd9a0682db9f7920ed0d86f1450f4b,b2a0a7fb8a3580897f2c9d8f2d160a5acab433e4,781.9787637534827,781.9787637534827,0.0
grails,grails-core,08d543b74810debda7a8adb5efed41057597ad5e,ba77c1be24538d86dc21aedd4d9e19373ed13ffc,18428.21617538982,18415.019550397796,13.196624992026045
php,php-src,03964892c054d0c736414c10b3edc7a40318b975,64043cb9e5d8bc5af719678893e38ee0290e0c0a,-7470215.220656286,-7470215.220656286,0.0
osTicket,osTicket,70aca8937767bd2c0e99f76f8ec94910c7d38df8,03a84301e2e0e6875058814e877b7f7cffa33a98,-12511.54027591924,-12466.296868815165,-45.24340710407523
naver,pinpoint,75232af9b4dd32caf24b126f5152fd5f11675ea6,b152cab0e88e736782435a41991ae305f2a39177,4498.117819704598,4489.597833136396,8.519986568202512
slimphp,Slim,1ee41b74963b5ce23caae67582aceddb982b43db,20b09ca587b6f1215bb10ad39b92c2c540b2cd35,1663.7618021599942,1662.6250036745462,1.1367984854480255
pfsense,pfsense,bef1056048aa2e0839fd5839e83da154f06c8c2c,daeab6c45370e05491ae60f854fb3b9967c6f94d,-143914.86986975564,-143914.86986975564,0.0
jspahrsummers,libextobjc,357e57fd89e727881befe718728de8962128cb6c,821599787089f794228cc8bfac6a1b97c3e6227d,39.633606117354816,36.44378099907413,3.1898251182806874
owncloud,core,211a546600de0d108d3c1b66602dec681ff18837,b0ecef02e905972bdd963ba03610e5c025a36e1b,-10759.841468457029,-10968.985596256425,209.1441277993963
openssl,openssl,f9b6c0ba4c02497782f801e3c45688f3efaac55c,a029788b0e0c19cee4007cc1f73201cf2c13addf,-1794932.343046066,-1794693.0585418993,-239.28450416657142
google,google-authenticator,b9ce63a46a34391cdef2ffdb24e52c35b397126e,beb43d7baf22c0f9c0d0f87c1ce5473c41943d06,3327.267877769627,3327.267877769627,0.0
WordPress,WordPress,95df22248db483fbf80acbb9333a2c2dd4658fbb,8772cbfa138d9e46d0fcb97aa0a2a0b15e8eb6d1,-19809.580474111663,-19805.403545429654,-4.17692868200902
MPOS,php-mpos,63c3b96a2940a350abd58491a72629b37059479f,795e019d0de3731fab71c98ab0487e84d6f7e952,-15852.434189500096,-15785.181412787566,-67.25277671253025
unbit,uwsgi,be6f61aa1bc30ab6c1af63915d24cc3dc91e915e,eb6c35aa95c231b788ce61b39766501519bd7657,-50054.857549279586,-50053.62956740538,-1.2279818742026691
nextcloud,server,8a7d450fb5c80477e4414cfdf86b4737905cb8f3,5c718b13b8c68fc89661edbdbd40822bb55f544a,54565.14176063122,54536.47836733087,28.663393300346797
mantisbt,mantisbt,517cd271cc72b5ed258dd95d70dc42f8602338d9,d9db796f8973696bb606dc03ce42857f6d160d78,-79273.0544428574,-79274.92517147254,1.8707286151329754
cloudius-systems,osv,ed989d43b3198d80d75f442030070413cdfb5aaa,aff328352803b19294b4f8300bd0e20f0e1ba6b6,-1038348.2655661337,-1038252.4947822784,-95.77078385523055
curl,curl,1343756742463488c63453723b2bfe002e45c47f,ec9fa4f6b372e4e77fa741788e37a820bfa2ffc2,-52174.35817004784,-52175.2525838896,0.8944138417646172
Graylog2,graylog2-server,e572b56aa6c45a4a3f1d26fbed9e11dcbe3b58cc,f1ab40d91f12dc9b1a50d633a21c5cd67c7aca36,2201.7463041848328,2201.642220165918,0.10408401891481844
pfsense,pfsense,3bdc7f5908ad19af2fc31b873cd07eadeb801bd5,dd34d7d239d823921237c4408559e674f5f0c292,-142659.43512848773,-142659.6811934772,0.24606498947832733
mantisbt,mantisbt,70b5022f556c9b9b6b0cd661e3357767a3b178c5,60a4d24a794a81e98dc044ce42a9e4b8fa754111,-77031.11357080814,-77044.8311989703,13.717628162165056
josh,rails,b16e0c922344da256ab977fd5e7a7f69e0be90fc,9a73630d935e360f3dc896e50dd673afb97cf3b5,8874.098072576497,8874.098072576497,0.0
mantisbt,mantisbt,7c8a564c5b0d29cf2345adb0593477069466b10b,fe9da540f09fe4d3473a302446c4a1ea11ebf103,-82185.54198281586,-82183.73841138728,-1.803571428579744
josh,rails,5e6dab8b34152bc48c89032d20e5bda1511e28fb,bd97c3044a7b135f5b84f38c3dbdce2ccc793f70,8855.141134980764,8853.31841248899,1.8227224917736748
cloudius-systems,osv,fd905d5cf9139bac289fdd9551c56ca538f57f6f,6e438d21fe85ad73c6d9f4b3eae11e39a8d87643,-1109236.9511582674,-1108813.7352764357,-423.21588183171116
dlitz,pycrypto,80252248ab1ac8599b946e026dd8895146977903,abd276c5fa31abf0b1d70ca4624e30cdacaee867,4675.480864679634,4675.480864679634,0.0
php,php-src,0d2f147d80bd02d4d1ccaa0fa530d9d4846b3c75,3e88d610e54dac75a374af9e8501f02da67e4466,-7468990.73278708,-7468903.799862105,-86.93292497470975
mantisbt,mantisbt,7cc4539fca65a61c48a40e31787e7d4751a7f9bd,75c87e679a3f7f9195c62d92cf02a64d80fc5288,-53134.28235965825,-53131.11571680691,-3.1666428513417486
spring-projects,spring-security-oauth,e703d747af332746895a02f75045c68255395c5c,0da337aef2979db848bc2e091a2b2a206412c62c,3649.055870912755,3659.5351498598084,-10.479278947053444
WordPress,WordPress,ec1ca2236fc693ada675688d7e9ae19bd7d7a49f,19848b9d90b63469d3c70b7e79400d10795601d0,-34542.81279220843,-34502.16770163328,-40.64509057514806
curl,curl,db1a856b4f7cf6ae334fb0656b26a18eea317000,ee57e9dea63c3706c3679ff77426680bc1a327bf,-44279.22706464911,-44277.69436270946,-1.5327019396499963
Graylog2,graylog2-server,8fc8dc4e2f3a6b499a1c18051628268a606d7f07,4dd9c321314c10c5427888a145b242da8ac0c08d,15152.76677128187,15145.801163020098,6.9656082617711945
mantisbt,mantisbt,7086c2d8b4b20ac14013b36761ac04f0abf21a4e,b66af6d2ed9883c04e71ef132a3b36837f91fc62,-45313.14004393359,-45303.989040416374,-9.15100351721776
unbit,uwsgi,0cb2e6852bcee02484dea06b2c5e9c8f6cbb3138,a559e9ea631afa9331cba77d3f1634611a6aa4ab,-32541.441487858705,-32540.404810714594,-1.0366771441113087
osTicket,osTicket,cda62e2d24ad7e4b165c88df8fcc85e1ef695ac2,ecb9178f24f5dd1ddbba06776d0f583a42ba2998,-12743.591964309215,-12745.383677894026,1.7917135848110775
mongodb,mongo-php-driver-legacy,43109ef9157de31e7056ddf1dc5cbd74cc173230,3705a32fcb655d728fee7dd358a0762e0531134d,-10354.372908215091,-10354.372908215091,0.0
mantisbt,mantisbt,e881dd79df422033bbea88914fc0a717fae40358,ecef0e9b523a460709e8feedfce72f05bb30b992,-42687.592201649095,-42687.592201649095,0.0
php,php-src,29a4e710de6a73341da3d268343fdfc072ba682a,94742054a845f483b4d59ac28fa65ee029dc3c92,-107259.2953700878,-107259.2953700878,0.0
php,php-src,4ffedc700dffa57b72ffda663f2a015e0f658451,4b14c11dcd4d27519b9c03d7acf638f9bface169,-97957.84337401026,-97958.09147402491,0.24810001465084497
stevedekorte,io,604a92a52d1f1b7fae73b5a81320303ea0939e14,9f4ff16cf02dfe042fee26d7bee44942100a943e,7838.974938282964,7852.09070705847,-13.115768775505785
splitbrain,dokuwiki,d9e0d8dc6f6c9b9f18ce2e33041ae4fc23f77a4e,41c27d5a7c577979cacd974b3763904192487637,-14644.663696064545,-14644.663696064545,0.0
MPOS,php-mpos,8756036646952355091faec922b40e54b6657996,e5c97201741671a45bae2334eec49739c7495f59,-15592.296219964757,-15520.810392202926,-71.48582776183139
php,php-src,cea050b8da98e0335fb24919814603e7c130ae82,5d07438cb3d72b7d6d3675cdccf5eef361e6e591,-250546.15992644062,-108019.33938656232,-142526.8205398783
nextcloud,server,370123b8b0b7adc21429b991f06e2c5052a54795,e5d78a35231d1412aa7427f061aacdf73d92a796,-63241.77609715085,-56817.30824753382,-6424.467849617024
josh,rails,eb5033ad6b4a12a32e1493fb5b9aeee9eb75f10e,0ee1cb2cd32bfaf47deaf5440dd5b9cf0915ab6a,7621.202993952468,7617.3430067340305,3.859987218437709
realm,realm-cocoa,37c6d421472bb89d0711b99cabaada1e9976bb0f,9a623ef0e43e8f0bcd829393e1737f4b6de82e71,-1046.6868438805166,-1046.9401782341688,0.2533343536522352
naver,pinpoint,d68184cf5c29ffbe76b1fa2b1bce30ec18e85b87,a3911e078b58ed029c7944a5e65e1daa050fa2e0,-23290.660654214058,-23290.660654214058,0.0
curl,curl,1238edaeaf947b896aafd9ddffc8430dea179c3a,a9cd4f4ed49e1a0b79f8fc6a0cb129331fa04f23,-41222.56070523899,-41222.28767828254,-0.27302695644902997
curl,curl,c62d7944cf75f402d45523e3e415e44e83f5d733,716302c2cd59f96ecd96f949db92576d204cabae,-61022.86182072777,-61026.43979455834,3.577973830571864
josh,rails,24d244c1bc1a744de599df18d74c9b343fd4c9fe,d3bbb23b2fdc6f597410e83e604d4919174aaa27,14649.557193421953,14649.557193421953,0.0
scalikejdbc,scalikejdbc,2197ff982e507355dba55883be2195d654bfbb2d,0066d580d8ab21d252310bd0206fa62effa6137b,863.8871078863289,861.2025089004176,2.6845989859112933
josh,rails,9a385394acd6599ff588daad491e9e07ee716091,05d4653cef1c1d8d77228de26d55cf6d6a0ce20b,13116.676822904867,13131.359644303098,-14.682821398231681
google,google-authenticator,86af4c32a2940b13397cac52eee435e6acedb8a5,a096a628455a05c5ff3b651e6aeb1dad9a646742,3326.569932621911,3326.569932621911,0.0
curl,curl,3017d8a8d8849ebd4feae4f5eae037cd55736a61,cea1fd7a9414b628e3b462b08ee3b64f24a689d1,-60480.847727524866,-60492.368017214554,11.52028968968807
mantisbt,mantisbt,66c142dc3b652cdb07d61f2edbf3a798234ef48a,b35d343671688056efcb63c31b7ac7e177eedcdd,-53245.90724551439,-53245.90724551439,0.0
MISP,MISP,77c9ce3b73ff8908de33c9b5b2695cc8d89e26ea,71b24464699b093753c3a663f6c19d45de57460e,-10671.721950007051,-10664.72647496148,-6.995475045570856
tornadoweb,tornado,5d430b100abaae34f9241af0d21e86622715d5a7,2b0684028a9ca38318ce5038fa611e7274576e22,-25.727190416416647,-31.161742322427266,5.434551906010618
curl,curl,0796a993171f627d546c42a8fb28e906528cc688,2497c42172307485fb60100474b68c1620041df5,-63958.422324612286,-63959.656478940225,1.2341543279399048
josh,rails,67d8bb963d5d51fc644d6b1ca20164efb4cee6d7,3a0b6c8e135e268c1550f93db1b63ba27457dec2,17096.78041201569,17136.368784048165,-39.58837203247458
timburks,nu,f5ec423ec2090983f550575e76c51be4f8d1385f,8186b9cdaf1906f4bfa2a92229e2f95320e5d510,-1637.568776071749,-1644.329581888682,6.760805816933043
facebook,fresco,f1e1f24de3d65aa06d51f7dde92651a3cb29ed76,6f92497f95bdfaef08ea69ba08453bb3094eb27c,10071.826731622466,10069.194850386019,2.6318812364479527
jspahrsummers,libextobjc,9ebea0bd45cb57c2f282b3773237622f9eb43ede,01a5c0372e4a14885916135997c846bf26b33348,89.64908337165132,88.87631016441523,0.7727732072360851
forkcms,forkcms,772e1b5fd20df0f710d7151a62f40235252171d0,814f9bfa70c31421b7b9146bf96ea8e3a6bd3fa2,13683.211325716497,13689.665413863617,-6.454088147120274
realm,realm-cocoa,d4184aa26cfa4e99b6e36502aee7f685e122facc,946e0a4a2e59a3bdf22c9a9220c1746b6bbdc022,-1045.8941005708468,-1046.6868438805166,0.7927433096697314
splitbrain,dokuwiki,8fcc3410e3603bb823483a739753a3c4a12e6d7c,041d1964bde2693df05726690877835ddae4e83e,-4635.362695493238,-4634.232832478369,-1.1298630148685334
scala,scala-dist,01285f0475fec7a21bb4cb1f30363df2e294966d,5379de92c562ff3646e78ecb938d31bebcabce10,123.05291425015417,123.05291425015417,0.0
cakephp,cakephp,92e3e09fdc218ebf8eb50e896dcb1728d02eadfc,c4031bfd0a45420ef17a4a3eec45971c28e8e31f,21111.427900925948,21111.427900925948,0.0
mpv-player,mpv,337ad4fef400df103c8256152ca35512303fba66,8e4eee9a9adc0b40b0ad7f182808c77bf24f7c47,1548.240230454379,1548.240230454379,0.0
cakephp,cakephp,d685c1872046262c9180de23a74516c231bad203,49c11a821945513a5f8e44f52561ace6ba76e3c7,-3840.776061420351,-3826.548385428512,-14.227675991839078
Codiad,Codiad,d76cf0f8627126b2f68f0d78e60d6edc58bac2ee,7b01d10681845cdf36e9b7641f91debe75c44eb2,4315.190577347511,4315.190577347511,0.0
mantisbt,mantisbt,294d34c3ad18a85e0b7ecf498d1679544e58da80,e1ac36d37af93685cc8203d4dc930cbed047e744,-56928.85768068485,-56928.85768068485,0.0
ci-bonfire,Bonfire,26d3cccc472fca71f4e945f6bc5994dc2879c520,e7800df796da60c2cac7ade0fd3949d6907e3664,-4032.884988925069,-4032.884988925069,0.0
josh,rails,b29e89368841869c92d706addddd09f436a3ea2f,c6372d604952a8eef16ce73a06814aa143b94779,11863.693351495043,11864.096836056064,-0.40348456102037744
josh,rails,6256b1de9a2d968b0d123ad6a09b33de01019ae6,08d0a11a3f62718d601d39e617c834759cf59bbb,17442.656710451007,17440.37150031374,2.2852101372664038
WordPress,WordPress,19848b9d90b63469d3c70b7e79400d10795601d0,60de32b047a658529d049e7e541ba7105cbdbcee,-34502.16770163328,-34402.09593900986,-100.07176262342546
forkcms,forkcms,5efe4f5ce856010066dba721440c008b3c3d3c4e,a9d22fb220777aa4890b2901f39e1c56b39b43ec,13689.665413863617,13688.928160245827,0.7372536177899747
mantisbt,mantisbt,7d3dd4305a7ec19b351e6e63e823cffa17d40d9a,8961a6670e5baba75445e8a23331ab82e1d7618c,-53148.86617300149,-53182.08148758297,33.215314581480925
WordPress,WordPress,d3100d05cb6e4a3183117ccc901d6119cb0236cc,91d7e604f2591371481831434823e6d44d5f830d,-10661.426364001632,-10661.426364001632,0.0
curl,curl,fa1ae0abcde5df8d0b3283299e3f246bedf7692c,38ed72cd3733e0d809c4b7023151d3f06e7274ef,-48455.62171655711,-48454.08901461745,-1.5327019396572723
neo4j,neo4j,b60a4547effa4c77f183bb10cc7c68dee8464f1b,a077134d2ee35b5340b5728603135148d6eb901b,46230.697603356086,46230.697603356086,0.0
moodle,moodle,20a79b431683fbe7c0b18e566b90c79db80b7397,e08de1b4954f984e96961cb5c7ca150079d9d92f,-6464981.982512846,-6464958.158617976,-23.82389486953616
owncloud,core,a862fec9a329c449b808e8d888764cbc9cc0bc19,5e711f37ca3f009317a3c8cd0e47ed4f15922142,-11122.79099043884,-11122.79099043884,0.0
josh,rails,33cb47ee488b2381d87f5bb36818cae5fa76c22e,1879c259b870938c42d5d52f63123bfa0b8c81c8,17498.070982968027,17498.070982968027,0.0
cakephp,cakephp,587a04ab84f2ffeb5bff7ab06a7790bc201581ed,aae0f762dd19c5bc2d171d7c8b06d63bebebe381,292.2270413597059,297.5978666822222,-5.370825322516339
openssl,openssl,e677e8d13595f7b3287f8feef7676feb301b0e8a,d3cc5e610d1719a35cda52c9152134b490a8c944,-1808812.3416238918,-1808775.8936119617,-36.44801193010062
lxc,lxc,5371906219ff19886169612993efbb8e82f749a7,2802732032aeaabe8c793ae76112d9c8ba13ee23,212.37027306108115,212.37027306108115,0.0
openssl,openssl,5059658219465c2e3e15f45c5ca3a0d251cd5fba,d9f0016bc57ac680d30aa1f32c9aef91acfe5aa4,-58684.434192396635,-58677.04936442585,-7.384827970781771
mattpass,ICEcoder,fa48d0d2f059fb8921e895b9e20e79de3c726154,ec44407e25b15bf70c734cae759092456d0e5c87,52.52731103990809,52.52731103990809,0.0
MISP,MISP,8e75f0826f6ebad2cb69eaceb437a6b3a0ef359a,6d1dc6df95c25d256115b852fa68f5d7594b3b7a,-2162904.025938578,-2162652.6044237427,-251.42151483520865
zxing,zxing,6c5b6849b7f60dd80a93031cfc39808dfac5b84f,1f2699c196285fd2a898478413dbde20b63d6d73,5822.214276487985,5933.978449121757,-111.76417263377152
pfsense,pfsense,21eff66f3199bb0c50c9ea5a9a473043dd4991a1,ce0a5816476bd4703b85a30396123f13da5be174,-58508.63211107908,-58505.57091358629,-3.0611974927887786
splitbrain,dokuwiki,395c2f0ff3e87977ea2573587a11f4ef294433f2,1ee9b48eeac0acdc23d10bc12e2efa22a01f9989,-20912.459903668358,-20910.79133056068,-1.6685731076759112
technoweenie,restful-authentication,53f3f3b3eda05a2d064bb424fb014f646ae72957,c855a1653ee6fe2b112e041ff92ce1aa507434d6,510.3116944877536,516.4781866418043,-6.166492154050729
edx,edx-platform,6a850e27bb97b30447fd46ccfb277367c2ed13c1,4d656061becf7b92dd4de3cc9baf7460ac729386,15071.25010884778,15071.007475954253,0.2426328935271158
mozilla,kuma,d186dd1e20a5d0f1b7d295d410485bcfb7807ea4,e43ed532e9623eeea4a492c7477c76acf8a2f995,-589.2623748952759,-582.9837892266627,-6.278585668613232
mojombo,god,83968f49057fe79dbd365734bfa2ab3df1778c8a,c173cedd248239b82f5e432b355a58e859d04b21,1594.8422058309077,1594.9682061151204,-0.12600028421275056
josh,rails,5dc2e3531babcbdc165884d1a47cbcd13455522d,6ea48ebfa68947ad66a516bdb7452e0faf3f70a7,16827.126065981316,16827.126065981316,0.0
rubinius,rubinius,6a23ed5d8b1fc7a81769fb502e98625a62e67cca,75842e976ec1db29b3719101c7fd3cca4df1a00c,-1296658.046345262,-1159162.060207389,-137495.98613787303
php,php-src,ed7d4977bb0e99153c67d2873488b8f572627c8a,d82d68742c69fc20a5180a2dbcca4cac52435931,-13203.334260437823,-13293.270271765647,89.93601132782351
fruux,Baikal,1896af0a45ef30f2a3048a5decb838c2c1da5608,95b18da309438712ffec7e8c1f20984b9ec1e232,5403.109628686515,5393.916486747821,9.19314193869377
laravel,framework,9664db9351090271b20d2162c106c566be17cdba,0964852338dbd918025838f7afa0591eff615331,15110.993582345684,15110.993582345684,0.0
rubinius,rubinius,d66250e74e26d0b46e0330034b4967ce6e18fe70,1262f24460463628c7cc4e275b7c814048937b57,-1296658.046345262,-1296631.5196746134,-26.52667064871639
Codiad,Codiad,a88b18027568d9c6539ab91932da84a45cd44e6b,601e89d77bcef6796301c1b7a6b75a30e7c393e5,-31493.139105357666,-31498.798878493162,5.659773135495925
tornadoweb,tornado,90b8078739c8166d26de723178fb2151043e8218,2338348edda61c663fff8a7f6f77cf489bf63de6,252.72624146184853,252.72624146184853,0.0
php,php-src,6912dab9ebf0107f3da0b74ef899c536091ece84,79e7432c971e904c84b7774674fc71f805091fd4,-82851.32787647349,-82852.49833685497,1.1704603814869188
WordPress,WordPress,757d3ba8ae2d8c10d90857f372ea22d6f914d3a8,c72cecbc5db600d3d659411dd649bbb1cfc66207,-64019.60776121894,-64019.60776121894,0.0
micahflee,onionshare,70c55511b13ae04b2108b8cb23177bac04542d1b,9bfde7dfcc317e516dc6f03724c40d35baa45970,745.0993973713113,741.705421480318,3.3939758909932607
ci-bonfire,Bonfire,52dc58de0ecc67374d112002eb31ed01cc43a11c,cbbbedc362a4bdf3887ae26dedb569bf123c9a62,-7472.884331858339,-7470.808615147778,-2.0757167105603003
josh,rails,9340f89849606dba02f44038171f3837f883fd4e,344ea048659f2ba47012f0330183ea4a96752732,15807.086667655383,15794.47963719165,12.607030463732372
owncloud,core,68d55648d5904a86d21fb5258684687a31929011,dc41cf081cac227f0d73b56542fa6295285e170c,3947.0964435553415,3948.0300267457296,-0.9335831903881626
mattpass,ICEcoder,078068e2527747f5688997d5dc1293213de65bd1,69d8ddce7756802525bc07ac028b939e554a81ca,59.65164108795038,59.65164108795038,0.0
cakephp,cakephp,d5bde3fe7a5a66044d4778ccffed0254e2fc87d8,aad72871a09b8b1bf750cde84d42e6a4f4fd7d2e,-4226.163398750677,-4227.6272569651865,1.4638582145098553
josh,rails,79d50ce3104d2ff4a3964b12139120b85dce35e7,69fc0e1b5e6a3227576d67587c386142ef65854e,18916.74601830791,18792.203782021617,124.54223628629188
splitbrain,dokuwiki,66b23ce9f134c838f393fa452c450f8b6fc147c3,0d5f4833689967dde7f9fc2cbd1b6ada533bbb73,-14378.697651614959,-14378.155306457078,-0.5423451578808454
FFmpeg,FFmpeg,747a67fbab8ff74e4281ecbc947910fba13fd65d,754ebe3465e72894a5fef7407d6e1468fd40054e,241.68577331307117,241.68577331307117,0.0
FFmpeg,FFmpeg,a0bafaabb0656ca3bb3591beba0de79f6153fdac,7f2228dbfec0268b8b486573041043c0de1aa381,12058.415507284051,12058.415507284051,0.0
php,php-src,d735957cb5f8fee8d13ae68cf75300306c84374f,272cccd1759a358eb9a66e3fb10bcad373acb06e,-13168.142701022454,-13168.142701022454,0.0
josh,rails,9f69ff12d44c4d1e475fd6efede120ccedba3b3e,d45e2c733d471b0c87f7cf721376ca4802450121,8150.204896787559,8150.204896787559,0.0
phpmyadmin,phpmyadmin,d35cba980893aa6e6455fd6e6f14f3e3f1204c52,2ff7b4cc93eb88325b2ac2930b966208642c1111,-103394.16733862266,-103391.85436152342,-2.3129770992381964
nextcloud,server,4bc88ef59d0f57b850c88c17469547ec66f76e79,d5566d026745da8fbfc6648184b5b7890956faf9,-12713.243301067432,-12713.243301067432,0.0
moodle,moodle,e5e02e46861f9c1b88782cb1ef8737253412be33,36ea9a6c98505cbe34c2af0be6c984be97cb0656,-2080340.8199701398,-2080302.7760151038,-38.04395503597334
edx,edx-platform,4e66253c232b510683480ec51053cdc3fed1246c,a8284058e602eefcea76b6bccfbac6b3f75000d2,34669.50876372938,34669.50876372938,0.0
cakephp,cakephp,fcec8ef537e61573b9dfe43d2742c56b40473aaf,0c7720e8f8f795233b5809419bfa024c4bed9eb1,17727.08772792858,17727.08772792858,0.0
josh,rails,69fc0e1b5e6a3227576d67587c386142ef65854e,4751a8c51ff4b9766dcf8324347477095b7f940d,18792.203782021617,18795.206091388547,-3.002309366929694
HandBrake,HandBrake,69231c990576f34c14054a6f81b09b5a445d1b47,c6633353555fbc58a13ad90f8dfc171430455eae,9649.18174663347,9649.18174663347,0.0
graphframes,graphframes,29c27111a7608f42e7d0b5f8a22b1957a196d74e,3ca57b38e9f2ead71e24e42abc84f3ba558d2b38,519.0097698519364,519.9652536187924,-0.9554837668559912
MISP,MISP,611317cf81ef5503f7a8d5eebd84bbb5cde09e61,b9f5297b3a3dc6d076852910f3b52719d469509c,-6938.660261455379,-6938.660261455379,0.0
php,php-src,3f7f72adb25786f51e7907e0d37f2e25bd5cf3dd,7e8e21df0c9aa39278e994b05540b69920201b32,-13262.14356617986,-13262.14356617986,0.0
AFNetworking,AFNetworking,f801bc453c8c74d7cd92482a67b66537e72b4835,648c650ae700ceba6caf8f9753e7f1a1d1e8ee04,774.9953641776377,774.9953641776377,0.0
osTicket,osTicket,25ae16b169da0a58c600da19c70bd38efdde90ed,0ed92da68bfa62f912496ff57ae3ab0e08cc5d00,-27607.225258771185,-27607.225258771185,0.0
php,php-src,32c5a87a148d49450afd869f1a611bdf669e986d,e2d606e18b7079f7b7127fb581ccffc2f6104de7,-83494.66781357485,-83494.66781357485,0.0
josh,rails,2e3c3a87d81e16a2fed442c1cf31360f75737a83,46923cabe156852bac1ae99c4509ff2780eae2a1,17546.96946267325,17545.472542982297,1.4969196909514721
Graylog2,graylog2-server,acfb10054b70a57664a632b84230d81ef22a80a3,1ef662d8ebf9158ca929d2c7bb389725ba818a5e,2109.641848998375,2109.641848998375,0.0
AFNetworking,AFNetworking,6f63157e33149226bfc2f014748cb5ef5c9a3a9b,2b2558a90e7bfb2ef5169b1ca21b91851e5a5b7d,833.462567278507,833.462567278507,0.0
cakephp,cakephp,f5ed91137aa3d288d554f37b97423de2c7fea088,b088daf045a19c818d427e28d752566f3e7044e8,-3272.212088114335,-3273.212088114335,1.0
josh,rails,0b58a7ff420d7ef4b643c521a62be7259dd2f5cb,6b1018526fb304727ee4191afc2d8a5e29e49eea,12025.4652649603,12025.4652649603,0.0
zxing,zxing,5dd4b663ceba69a93ed1eca21a2c0a31a10ade43,8c876a047a883b3cad976e52cbd09a30fbd1fe7d,8403.627253536348,8398.733785731612,4.893467804735337
curl,curl,affed6725ee58aa4dadb227d8033cc3a1dffa7e1,7f304ab84f560c9ddcd3ed1887bb4aa99a90bd6a,-44364.17680316071,-44368.911547776406,4.734744615692762
josh,rails,94209e2fb7f244be5da2f208c2e5dacd2fede47e,75157bbf64571548983892e62fab5789e9ab06d0,4307.0956861475415,4307.0956861475415,0.0
libretro,RetroArch,b91527749e93aa70d51a727219e44e79fa8cc4dc,6a845dec645914a00441c66d6baf09d66cf22500,-39191.07977650213,-39191.07977650213,0.0
openssl,openssl,28a31a0a10f41ef855cabab4e18c994c44225125,cc22cd546bd0b0e1b55c1835403ab564d5f30581,-1913557.9796390363,-1913466.2508884277,-91.72875060862862
openstack,nova,2ffcf18d00eff6fb0777769469c4aa5ac7bbb6c9,bf70df295b0529da9f4381f52fc94d328fa2fdb3,20776.24628382042,20790.66852099231,-14.42223717188972
phpmyadmin,phpmyadmin,1bc04ec95038f2356ad33752090001bf1c047208,d32da348c4de2379482a48661ce968a55eebe5c4,-286620.2668618121,-286620.2668618121,0.0
mantisbt,mantisbt,58a67eef218321bed2d1584b092cce1bc73d4cc9,40840f412cf0166c2e7442d3d7fd2ebdac53bd8c,-75629.19235176202,-75619.21412787247,-9.978223889542278
FFmpeg,FFmpeg,6095388812ce1b2a95e9917b89e5857639208f88,7cbc2e60af72e2154ddc160b1bfce200a95a6532,11598.238847567607,11598.238847567607,0.0
MPOS,php-mpos,5d8fecfd812bd74c320919b2e3dfd25421c17dc8,c381af8291bb71a22258d8166f446da1452cb982,-4465.907913433332,-4465.96241778169,0.05450434835802298
WordPress,WordPress,814865ea9e7db4d5e18fcadc1fa3f43a673f8559,f62bf61b2c59bf5484888f22d0b7dff0f0df050a,-89175.08595655917,-89044.31352245474,-130.77243410442316
forkcms,forkcms,1269fe8b3813c7b7d5552a2b88bc2e7bd4d0c1f9,e45964aa7ed3621df4963991d3df03bbd3d6b8ec,-495.6315460667103,-495.6315460667103,0.0
splitbrain,dokuwiki,ebbef3b12bf9150995d42ebb1bb170b38169b443,0265c2046291f04cccff5234f3b9d47630d77192,-8703.478490990467,-8703.478490990467,0.0
Codeception,Codeception,2bec1ba5ffa43eb56d592dbf8c8c6c2f9aab4a5a,2cbab2c80c05896f47a3dba953323cb976c160ed,8184.042383162761,8168.566822646886,15.475560515875259
mongodb,mongo-php-driver-legacy,affdd497be96f842d55d282e1b7a17ea9458113f,52439c74d9a884593a62a8dc1d0638d83d53c42d,-370.2842351937842,-367.65107679077823,-2.6331584030059503
MISP,MISP,0fff291c6758c5c36d4d600208c47268ca1a41d4,aa8ba55daccf1f4f9b5eab07589fd9fb3df9b895,-45042.6018540317,-45042.6018540317,0.0
owncloud,core,78cad94ff4676ef401d2a75c8448f3726deefd18,6911d8f0a4e688f3c84f2dd117424f887820750a,37831.15276907772,37828.93713154494,2.2156375327831483
mantisbt,mantisbt,ecef0e9b523a460709e8feedfce72f05bb30b992,c83fe546e9f229542c88a9aede924bd5ce4663c6,-42687.592201649095,-42687.592201649095,0.0
frappe,erpnext,3b2fd6e334c9b15241cab8c1ee412647206d836c,0c8597583985b17b00094fabf61d430567929746,14376.479318829417,14519.379308674515,-142.8999898450984
BradLarson,GPUImage,202ce483fcc474a60d358bd068317a415de93f86,bc1c59a195167863548423459f9ac9e13d201c0a,-2680.7057030460105,-2706.7940798648,26.088376818789584
phpmyadmin,phpmyadmin,f63e1bb42a37401b2fdfcd2e66cce92b7ea2025c,951fb4dd79253a3aca8b6e386db77c1affcfc3a9,-62087.20293248471,-62087.20293248471,0.0
mattpass,ICEcoder,05de070294681745bdc5c54b336dd48083feb59e,f82914207dca4a4f36404ac371610421cfb52d93,328.818866544359,333.41318214585704,-4.59431560149801
cloudius-systems,osv,92ff9880e07c7669c56912dc2d16378b7bcb6476,8ffe45bf0e00b4b95140ea9aa6035d71f90a86ee,-87734.02804555043,-87738.70694812486,4.678902574436506
WordPress,WordPress,f8e7680cd61652b16d30948968adafe0d4dcdd54,02424959e4dbbbf3c989c6d36f5807b6bb3ad7d8,-146637.00322374946,-146637.00322374946,0.0
moodle,moodle,e65ce4c1d028b8aba0dcda6b8dee9d0692a0a6fb,a7ca080c208fa10fb07158e2162f6afad64da655,-6915507.636948897,-6915507.636948897,0.0
php,php-src,4a01ddfb5569da1b87dd4cac95c3f709fb607396,bb4d11b405ae1f37a8b0e4db630e80c5678f0746,-13151.927921116014,-13151.927921116014,0.0
Codiad,Codiad,6e2ff815f1a6267fb33ee69f6bfe6dc24adfc3b9,c42d24cb48a83c19afa8a8ed770ebbad73fa7059,4531.916795691897,4532.505647187305,-0.5888514954076527
dlitz,pycrypto,d044a478332682c253c379db87d444b056e4ab37,7fd528d03b5eae58eef6fd219af5d9ac9c83fa50,4904.452471856721,5072.8380240710085,-168.3855522142876
openssl,openssl,c46ecc3a55bcbbe4ff31da3864d015e343b0189f,7388b43cae035484036f5dc46c231ce6282a1367,-1340206.1827411845,-1340202.9523508872,-3.2303902972489595
joomla,joomla-cms,a7adeac42a4018587f7550d61ac2580196fb3ca0,9008d1036284da197942e09d921a485dda14230c,-22802.93573807055,-22801.149182318266,-1.7865557522854942
nextcloud,server,d18bd17eb7d13010e3daef5351d7f7ec64480fd7,d134ba9a82a904ba317d4a6d9a75e46ab9249ddc,5705.367671595,5700.474067683747,4.893603911252285
nextcloud,server,a3f835872f17f749ae8f623b73ac30c9c2fbdc97,cdf01feba78696aa74b7f57a43380757d67df4aa,-52397.06826783835,-52387.56826783835,-9.5
owncloud,core,d71c4db10aad0b1684087c745dcd10560351efb2,564b0358f91df832afdf3a0fd27eaa349508c964,-12260.116484222679,-12260.116484222679,0.0
php,php-src,96aa2eb2340c1d4131fbcc508f734ec7c807ff25,5d90aa1299da1ac81faf065c4aa0dc4196276cc1,-13079.313962436816,-13079.313962436816,0.0
WordPress,WordPress,b7ede43c4f69b29cccfae79abda19d3c575034c9,ad646bc1838454b0859f196c13a41d8815b9a15e,-86693.28381912623,-86692.53478786898,-0.7490312572481344
openssl,openssl,b128abc3437600c3143cb2145185ab87ba3156a2,3444c36ab489b7084832254723a356e3c2eb023a,-1701218.830665909,-1701057.7670213524,-161.06364455656148
openssl,openssl,09f06923e636019c39c807cb59c481375e720556,8106d61c354430d6bbbd7f8e7840a39efc0f5829,-1808649.2272953808,-1808638.8825244564,-10.344770924421027
josh,rails,8a39f411dc3c806422785b1f4d5c7c9d58e4bf85,b0555bb88b090ca981fcc7661b6f9ea333e7f42e,13967.578503629462,13970.214731575688,-2.636227946226427
php,php-src,5880428dac00ff9bafccb8c10c7226d6fa1dabbb,dad793630d5966a9c22f3fcd7f24b7937bd1a36f,-13256.580614520168,-4801703.69795677,4788447.1173422495
php,php-src,b15f0ecc0f34364fd7ce924b4164be4e8198ff93,8a4d164c2b33e7a89af13762dbc09941df14a035,-4632972.226200289,-4632813.259554948,-158.96664534136653
josh,rails,5ede4ce188d29aef94af78f27d89169ac4ee54cd,7cfa6c535bc54f16a3fc7fa39969d4410de3e483,8142.071031692316,8142.218573139002,-0.14754144668586378
splitbrain,dokuwiki,8fcc3410e3603bb823483a739753a3c4a12e6d7c,041d1964bde2693df05726690877835ddae4e83e,-4635.362695493238,-4634.232832478369,-1.1298630148685334
openssl,openssl,146b52edd122f55e2b2bfeb486dae8dbe96f739e,13747c6fdabbba33cb187a133548b73d41ae282d,-1298643.3277291511,-1297621.5993334146,-1021.7283957365435
nextcloud,server,8313a3fcb3b24bf9e36f48581f64336623ae1ead,1f96fb3352ad43155586d6deae95bf889768ba05,30728.88041923205,30747.765782342216,-18.88536311016651
nextcloud,server,ec1596054f9c9da9aae958b02e441185bd1b9f79,98d0d48b54764162cfa9315e3c1f42915801d16f,17157.619689612184,17157.619689612184,0.0
josh,rails,586a944ddd4d03e66dea1093306147594748037a,8a39f411dc3c806422785b1f4d5c7c9d58e4bf85,13973.63025361697,13967.578503629462,6.051749987507719
P0cL4bs,WiFi-Pumpkin,68ed8f58c0a02e2048c27284bbe972e04998a562,acbc25f48028539c4d239647101a314a7b5f6c11,-848.7791970478806,-848.4657558120475,-0.31344123583312467
cakephp,cakephp,43db90d1b9cdcac0606b038332246eb463d2b839,23f559a4b079911bdf65ec922368ce81ec1461cc,-3128.154336672104,-3128.9767508450414,0.8224141729374423
curl,curl,5796c7b1322375da0fa15620ca1a9c825df0ab01,dc2ea33e32ba9aeecdcd33c0541a9e33a85774ba,-29071.138911169422,-29073.221478427786,2.0825672583632695
josh,rails,08d0a11a3f62718d601d39e617c834759cf59bbb,f706d5f945c5751072bb90d080aff154e6858435,17440.37150031374,17434.108761016523,6.262739297217195
nicolaslopezj,searchable,a1956ee23edc8a041667909b7cf8923696d1c3d1,0f3cd1eeb405a6fe8f5cb376c34ffc3cded999e1,39.19301992350355,29.015840380242572,10.177179543260976
MISP,MISP,d319860268e1d31dee0b8d590cde746aca71ae78,8505396b2519031f6c413586ccb14ab81bf69a38,-44486.65947706752,-44487.100957141876,0.441480074354331
scalikejdbc,scalikejdbc,2ac05aaa56f6cabe51b708f9ed8cc4c52dab96ff,db240ce42a1e6041d9459ed9c3c1f42d6570d54b,863.8871078863289,863.8871078863289,0.0
WordPress,WordPress,2f9ab6e3337daa3e68314eb737a8e8bd964725fa,031370065763ebd5f78f88c559de3c63dcbf9257,-12116.344943259974,-12116.344943259974,0.0
moodle,moodle,08beb3327b318935583effa50bcdff097961b473,e757af1662ff6ef8240834eb11cd8ddbc4d4c0e1,-8872.711069133156,-8872.957876301509,0.2468071683524613
mantisbt,mantisbt,d9db796f8973696bb606dc03ce42857f6d160d78,e4902b6589ee0147844d1b2288da0ab271d34b71,-79274.92517147254,-79276.10565721596,1.180485743418103
Pylons,pyramid,082d3b2cb9127f8acfd4d081e69c427a37bae91d,a6db36c984bd69f8a6aba80ad6db435cd4b1b93c,-817.5814828732902,-834.3136257304329,16.732142857142776
openssl,openssl,992bdde62d2eea57bb85935a0c1a0ef0ca59b3da,bbcf3a9b300bc8109bb306a53f6f3445ba02e8e9,-1059680.0139969443,-1059642.732616467,-37.28138047736138
joomla,joomla-cms,717946c6e2cb539e03c5eb61795ff7df7dc402de,42b79e27cf7dd6d818d13f5f8401c858854d9a63,-26882.703899850603,-26865.855892412157,-16.848007438446075
MISP,MISP,9eb5b7ffb7a5fc8f8fe8c0fe40f070dd92d05b6f,6e842da5bca360649658817a2dd22c4fc09f91b7,-44332.645351612315,-44332.645351612315,0.0
joomla,joomla-cms,874b6955faeb6a136a63b20f749ceb1c103a3933,9169d5f0e1b4ddf887c1e30547b91c64cdcf05a9,-419352.79721787164,-419093.76449607447,-259.03272179717897
josh,rails,ae19e4141f27f80013c11e8b1da68e5c52c779ea,0b58a7ff420d7ef4b643c521a62be7259dd2f5cb,12024.92434624699,12025.4652649603,-0.5409187133100204
FFmpeg,FFmpeg,23edd41a0d6994cb5d9983d8f035e8eef78960ad,9244b839b788e4677019041907ff5a4378a23490,14760.347167195137,14018.703063862,741.6441033331375
MPOS,php-mpos,256b5f59c60f89be5da5d7c89e78a56d3a6876b3,8fbad03457cc1e0691b816f163b71e8c6d29f13a,-15333.430395674968,-15306.45808532488,-26.972310350087355
josh,rails,75dcdbc84e53cd824c4f1c3e4cb82c40f27010c8,9f200fb296da721d50af53712d1e7998a5140e76,17341.921169367022,17348.17017381368,-6.249004446657636
mattpass,ICEcoder,8f1cca087bef95c873e9cf2fd7c4798c185f4c51,d826469c495a2e74d36760f627915a9455091f82,-50.01316818989967,-45.8956562543372,-4.117511935562476
realm,realm-cocoa,45b8dcf36cdda8819cf0b98c233ee8d9fe7b2006,784274fe641361e7292402b3d46c4aad2a8eb211,-1352.8373369916087,-1351.5345413104012,-1.302795681207499
freedomofpress,securedrop,8513cba313aa9613bd0128e4d494aca32e1a2b88,e6a502d468aa21922609e3c6acc5ad1b014a8d91,883.0705708172096,885.0172390337871,-1.94666821657745
phpmyadmin,phpmyadmin,c9d93f63940fe960d3b6341d8bfb7b707c87e744,9ae2b21e220cde1cb9605dc1d3827bcee4cd4ba4,-87812.48478895001,-87802.20228634997,-10.282502600035514
josh,rails,2ced6f2f8a85957b160710ae5d9fb245a6106550,d99e8c9e1618f509bb35f052d4bd0d1848bce771,17347.379776645623,17346.701284753042,0.6784918925804959
josh,rails,6e655732226eef6fa04d8fc0c4ee1f0436688c49,47134a04bbce216f9c31473b1a0c1a077d624692,12945.876275294746,12945.876275294746,0.0
curl,curl,75ca568fa1c19de4c5358fed246686de8467c238,db1a856b4f7cf6ae334fb0656b26a18eea317000,-44344.86720584392,-44279.22706464911,-65.64014119480998
BradLarson,GPUImage,307c8ff843353ae4db646b4e2293ab01ba53a073,d05b56b6c391e662599780998720ce9d3a0b899b,-2951.373431239815,-2951.373431239815,0.0
realm,realm-cocoa,04ca766cbbdec1ba417f90f038c9376170edbc12,8ceae74eb169a98676da084b7e1667d51c765bc2,-3569.1106474904,-3543.0764045484175,-26.034242941982484
mongodb,mongo-php-driver-legacy,4cca4c1910fabb8a3ceeca3895a2af405fe818bb,5762d1604744a6bef7895e0064c18ac1582a63f9,-269.0452874208737,-261.84089670809453,-7.204390712779173
mattpass,ICEcoder,670e3c47a6f952b7f106adf10d7fa965e3bc25f5,4ef49f017212a4da84f4d009285a3eff30c80114,-216.72700829230394,-226.11563949529895,9.388631202995015
joomla,joomla-cms,9d8d07c9348a76b5c1ca579f54a0f2096df86793,c1687f3af93e9a8ec81bc63db6f49ac0dc789483,-22453.510562173837,-22455.680227483255,2.169665309418633
osTicket,osTicket,ff1d8b9e599a1ec315a9c34c279ba3645218c766,03a84301e2e0e6875058814e877b7f7cffa33a98,-12159.264510851164,-12466.296868815165,307.03235796400077
josh,rails,c014c3e5c14beb71fa7c67f15448386d0ffaba28,b6fde6b4801fae26cdd0e790f6bfd06e7afe9941,9385.4291912198,9385.4291912198,0.0
deeplearning4j,deeplearning4j,f202f07bc5104a324e3217126db2261bd8c2f72e,5b85fe3577ca13836183057a79e02f92ec9f8d3c,-2042.766322832202,-2042.916577144615,0.15025431241315346
zxing,zxing,dc8f256848b4863dc633cfab0929927ef06d549d,a86b0e7cf3fec99c1a446c4978e0cf607e225b50,-1746.8730533253718,-1698.916650493968,-47.95640283140369
php,php-src,9603f16f995154a858d7e0b31eff3a9b79f88ff7,f39a8517e002d33ace29ec0ba15acb30c9fecbb3,-4704871.224465822,-4704827.271389802,-43.953076019883156
owncloud,core,1d6ca084a6f5414ae3bb0753500ad386c86d087c,3b9bf83fe7833c2cf8d1d9fc2f0f2a41b2a92ebc,-12319.766169117323,-12319.766169117323,0.0
scalikejdbc,scalikejdbc,2197ff982e507355dba55883be2195d654bfbb2d,0066d580d8ab21d252310bd0206fa62effa6137b,863.8871078863289,861.2025089004176,2.6845989859112933
facebook,buck,5ae0a0aabff973096fffe610862fb46fd1364c71,f1d8da1511b8f01e59d61b213f533dffd3804b0a,34867.33310215889,34867.33310215889,0.0
nextcloud,server,3ddaedee3bcc498b144d3f5df1356eccee7fbb49,2b228fba3463722ad19ea6ccd150b96772508791,-11917.175306984496,-11917.175306984496,0.0
joomla,joomla-cms,de79fbb8d15c30e2433a4303c7e93d3687980ccd,dfc894ae15316599f170587818b82febab3856bc,-26819.2870478121,-26819.2870478121,0.0
antlr,antlr4,d4f2abc5e3def63190c7ab124c5a70dba9e70661,9c186c8d5299e1dcbc8e0c486c3e07c4ab6af0a1,3699.1013644882046,3698.553861012571,0.5475034756336754
edx,edx-platform,935d5dee34563def3ce870ce849e1b2dc2c9f833,3a772752de1d3dfc3ff3c9f0aa65cebfb3b63d7b,22693.158619414906,22693.12345201811,0.03516739679616876
micahflee,onionshare,a12dd0c4a978bf97b307c2eafe4b7d02f538b53c,7ef02955a09fe6e6a8bb6373a8222a6c6090f455,12186.928934891705,12182.697752555026,4.231182336678103
freedomofpress,securedrop,3102925d369c5110e0c50a80684814a5efa30011,eec829a794f7b197810fcb5bfec8c3f7b5ea4776,1083.4354897458554,1072.1063280042717,11.329161741583675
rubinius,rubinius,4d1ac215d1dd0e2e3b14b0888b0772dc809bd7f1,93e172e442fee63130bd6cd33523446f43a0ea13,-2038849.6134600316,-2038782.732099792,-66.88136023958214
openssl,openssl,410e444b71bca5af929fe82162cbe37e31c82083,a91be10833e61bcdc9002de28489405101c52650,-1852901.586356536,-1852816.66995725,-84.91639928612858
pfsense,pfsense,5de32d520bc7eee5ef400951130eef8a5cec9a2f,b67cdd05abde74b43a2fa67b0d7ecb4769ae5ce3,-143913.9350056401,-143913.9350056401,0.0
openssl,openssl,e97763c92c655dcf4af2860b3abd2bc4c8a267f9,652c52a602b4c88cfadb99e85ef175441b7f5d18,-1761140.5891459954,-1761105.3877417215,-35.20140427397564
openstack,nova,4a60c6a655006b2882331844664fac5cf67c5f34,62d4d458d6e048eaeaf2621d8a70969b71c6d235,23290.59626914597,23281.29082766932,9.30544147665205
mantisbt,mantisbt,a1c719313d61b07bbe8700005807b8195fdc32f1,27b5b292c9814a40fdd5715fa499a82e29f6f866,-43088.29807691045,-43088.29807691045,0.0
facebook,buck,88f01ba38d2e706cd0b98ae984e9d3eba6888055,ae114af005c26a226a5fa40970eba14d42d17e87,25785.904424270848,25785.904424270848,0.0
curl,curl,1813a77b024d03b59fe5b591a5c5ecced02a9e66,d3d871cb4fe1512b689bb29cb49473cfcf91c684,-50369.97997942162,-50369.97997942162,0.0
josh,rails,98b0d3effa858f90ff7620370a4173fb34e7b939,f97e3ed1117940f1ec85348ab9a7a092316fea29,14917.059071451691,14917.059071451691,0.0
spring-projects,spring-security-oauth,2f25d164f2c136878d23bfcc1c03a5234cbcece9,9fbade981e1c157aa78baa3d88c6426d039ca77b,3934.1491721173234,3926.569649739116,7.579522378207457
josh,rails,d8cf713afabbd0c3cf8d6674b2d1a7f7c2a0e98c,c63d17c2be04882cc0c7aed5cf2b5ba2f1ef313d,16821.505280285182,16821.505280285182,0.0
facebook,FBSimulatorControl,04205668fe9334a4b4e70f420a22d28765abb003,ebbfe35b75ad390f48568e418768ca7b851cc17c,13043.733495862314,13037.19048486917,6.54301099314398
mantisbt,mantisbt,ac3fe2f105edd4b5c6b466d34b8694efac026131,cd0523feeb22d6e433a244c61876e5c860559bad,-25515.853681845216,-25515.853681845216,0.0
openssl,openssl,399944622df7bd81af62e67ea967c470534090e2,0a4c87a90c6cf6628c688868cd5f13e4b9a5f19d,-1720349.8279620113,-1720349.8279620113,0.0
josh,rails,4e9dd5378bd5bfaa095a96068c7d1b7c4f47e1b0,0c7ac34aed1845044cd1911e5a775366d7ca41c1,17543.725933245598,17543.725933245598,0.0
cakephp,cakephp,813a3af19c8918b00ca1067a2c78886fa3bcd9bb,215333e56f32f06fd107966cf508ea5df4672ec0,-4115.696979262808,-4115.696979262808,0.0
MPOS,php-mpos,bd2999526edd763546e8bced5378e8b46a50ee54,7e3197246a0f15382e83a839c158e51ea4bc43a3,-15638.765188569974,-15636.566709695506,-2.198478874468492
curl,curl,cb64c987a062a9c16ab997415a1440182edb069a,67d16160184493c6717e4e572fafed7467af4983,-40503.063310352016,-40506.240791478594,3.177481126578641
cakephp,cakephp,17e4eee73d84dbc5a65a4b9fae2adafdf6d46e45,2219991d3b166d2ecaa49ad5b78b0380aca9df2f,165.76875738973675,166.26760401690834,-0.4988466271715879
joomla,joomla-cms,21086355e63dc0514b094275df2bb224f290120d,9bbf2be61b5738d84926a7e9bb40cd123d2961ad,-26554.23468837631,-26597.208229177777,42.97354080146761
josh,rails,4818bb36ac1a2a98bc61839ba87a654a78faadbe,e63be2769c039e4e9ada523a8497ce3206cc8a9b,18540.17016963327,18364.99559193792,175.1745776953503
mantisbt,mantisbt,806582eb4ded03716c333b05d8cc6b4448f2fc5c,eb562360554d5e5c8ed2c1fff8363d13b1b2be32,-79433.37654715062,-79433.37654715062,0.0
josh,rails,fee0bc57385b564b2789d199969ac26409603188,90c9ae58010ee1a00c0eb5637533ed8b5e216ac2,16554.455708386027,16554.455708386027,0.0
joomla,joomla-cms,6ff55050d016abc1fdc31d4975070fa1c4e6287e,cbdf704d9f3268694aabcca72a1f7bd942f9b641,-26879.624575812304,-26883.213941957696,3.5893661453919776
Graylog2,graylog2-server,9590a4cbb53871812cd510b83206707d54126cc6,8fbe12c5b518ca4d2f11de659d5906dbe5bd770e,1687.633324468032,1688.3717754662152,-0.7384509981832252
cakephp,cakephp,df5c02aa8fe8220e432fe72a3bff1e09a2239f85,12aea2c0f74f7d74e9dd0d25433992fd14ae28ca,-2987.5530445809914,-2979.0083242738956,-8.544720307095758
owncloud,core,5155f589fd93132fdeb39b04fc18e30a5643cbf6,cde60dba0f45cbfbe32059a50eb37c41e9da990b,-11592.866349272532,-11592.866349272532,0.0
openssl,openssl,9cb177301fdab492e4cfef376b28339afe3ef663,069c3c0908dfa8418753d0c25890a9d4fb67178d,-1753304.3598059101,-1752683.5601027424,-620.7997031677514
nextcloud,server,360c22fd2821ed440089d7899d4c6680a0676410,76e0ca785bb473ea63d7811349cc27d6999fde8f,-12805.816488430359,-12805.816488430359,0.0
HandBrake,HandBrake,701d4a8d3ed08e94c04cc02cf4c4d0afdc87eafe,c0bb5c4dd1476d975f872cbf0ab317bae6e1160f,9348.322234935169,9348.322234935169,0.0
php,php-src,8d816ed0efe644fb19845424071253036e9b0f09,e68e2893c07e712ad6469ffda0658cc1d04f66e7,-3771142.0486686155,-3771142.0486686155,0.0
joomla,joomla-cms,2bee506a9105fb9c80da4c088baae2878f469f65,b9b649cbae454943e3b73a6fbd9d5486cec0e8eb,-20277.26129414507,-20277.805960088954,0.5446659438821371
MISP,MISP,0687d3f6f48247fbcb510c26e0966864a8fa9081,9cd1b0469d872a48afff17f5b2bfb9a6ad0ef8ee,-44418.84165047082,-44421.45997009253,2.6183196217098157
openssl,openssl,ee1e3cac2e83abc77bcc8ff98729ca1e10fcc920,b7b8e948014d93e1eb6d954d0799ae68ab0e068b,-1713828.283344666,-1713828.283344666,0.0
pfsense,pfsense,ab17ed4e70cc8cd8337846525a3694d81fffff32,da60727cead91cc475c6fa2ddb2309ab79962467,-133589.89315820142,-133583.76076895586,-6.132389245554805
lxc,lxc,2802732032aeaabe8c793ae76112d9c8ba13ee23,bb1d227404ff96564877a04ef9299c63f608f543,212.37027306108115,212.37027306108115,0.0
jspahrsummers,libextobjc,83950e5aaf16f6bbb4b7137e592088a0abd1cfff,74c5013532866bc80249f25214e6eb3378075955,-1498.063442697626,-1499.063442697626,1.0
mantisbt,mantisbt,3c6f6e5605d9b3a6db6c0934da4771ff8a54f617,a97334abed5c323598644802bfa6cfd815c1206f,-53167.05159720437,-53176.11639150304,9.064794298668858
zxing,zxing,f7392b3ffebd6c281e543914057b85922757f3d5,99ca70d7f301c45429f9d4c62e127c20f2bd2649,-6844.144886039301,-6845.035904004576,0.8910179652748411
WordPress,WordPress,28a80ce82af438e76c4841990f98a702ace845df,013d15ebd41981e433121014675d744e63bfe29d,-66758.08069619133,-66758.08069619133,0.0
php,php-src,26471eb69c3cd9e8162ff3b398d33919d9075191,e41f600365fe9f27727a62a850a4d55416ae856f,-4799329.798631209,-4799254.946656593,-74.8519746158272
curl,curl,12e78a082eeb116c528572e6de51b7c4a0eb1bf1,9273096a8ab7e31921550b9f7b08eb2b32dcc35e,-16382.910770972661,-16382.910770972661,0.0
MISP,MISP,afdcc1af0c39c00d60e65c043c8216fb05b243fd,a380458d2e9072c1f5affa52ad259b38108e3ca6,-7392.718973965095,-7378.810679195292,-13.908294769802524
phpmyadmin,phpmyadmin,d32da348c4de2379482a48661ce968a55eebe5c4,b99b6b6672ff2419f05b05740c80c7a23c1da994,-286620.2668618121,-286620.2668618121,0.0
forkcms,forkcms,92cbaaf136242a4cdf613a980ff12e35f25d8781,873d13845ac7a93ac7b5f7e0fa346bc68669470a,12399.323436880932,12399.323436880932,0.0
curl,curl,f206d6c055d1008f0edb6d5d5920f0f300b9983a,add37cc49f241212bc29d19f9f80700458df6794,-48000.40781863618,-48040.8906769459,40.48285830971872
openssl,openssl,f962541d0be200055e508641ddf3a8ec8819e4df,bf52165bda53524a267c784696bd074111a2f178,-1813071.0972493691,-1813056.4461674835,-14.651081885676831
mantisbt,mantisbt,f21b56fa9060dbae9438b0d0dfb21dff090c1dd2,2d541e9897d7629762fbc43f1bf42463458da033,-43246.50688694544,-43242.80059618755,-3.706290757887473
phpmyadmin,phpmyadmin,a4e8d008f407d92c7177bca799c54525ba9032ad,1daa32fb97b90fd1bf233cae9ed249e37fa175c4,-422521.2449984597,-422459.398445409,-61.846553050680086
josh,rails,7df68a300c9395e3edf8c603b6fea3db9eaff003,f838caf350c3405ebdf10a6c6171adfa0a840905,18570.462829461954,18570.224502604313,0.2383268576413684
josh,rails,70117b02949ccd724735aec8f4f19db4171e9e05,887870f20c347179aef0545ee2019c02ed9f74d1,7747.131387324203,7747.825164057285,-0.6937767330819042
mantisbt,mantisbt,26f209a2701ad31e1563723aea48e9e577ec1087,66c142dc3b652cdb07d61f2edbf3a798234ef48a,-53249.29681863949,-53245.90724551439,-3.3895731250959216
AFNetworking,AFNetworking,2b2558a90e7bfb2ef5169b1ca21b91851e5a5b7d,49186d9a3032dc02da1d0cc445cbf69b0cfb001b,833.462567278507,833.462567278507,0.0
BradLarson,GPUImage,a660bfd0d760e431b780badd4cb0837fe42dbb8c,6d00ebb32f6dd4ede5c65f76ad3157fd3e57c408,-3948.0158842984847,-3934.4500516097883,-13.565832688696446
php,php-src,75fa63b57fc8df45e3b7b4ae5a1e50a169b171cd,bb16e23891bc8b464dd42a809fea6547566f13e9,-9625.641186385885,-9625.641186385885,0.0
curl,curl,a9cd4f4ed49e1a0b79f8fc6a0cb129331fa04f23,1d28efb9d1759bcbc81d28e462c2e3a5d60a17e4,-41222.28767828254,-41211.45919299159,-10.828485290949175
splitbrain,dokuwiki,98ca30d292f2cc203a5251719e06d1a9f2bdf4b4,89b96b7aa04a458fb2f69fd61be8cc7ddf033538,-11220.660822538377,-11219.868774178314,-0.7920483600628359
mantisbt,mantisbt,610e89b9985bb4f80555ad8835e842becfb274ea,61ef10767ea37c5f278aaf34d4ee39be0bfb7b09,-45984.721861224716,-45985.38810064122,0.666239416503231
nextcloud,server,cfd0140e2faa250e6e90cbeb4ec2ca4dcceed2f4,3c182bdb351cd0f7938c9f9f022b44b4e530664d,-12187.622732751493,-12187.622732751493,0.0
php,php-src,4846e56d4054fbb733ffcd2512d94434a5ae4bd9,9061bf39bd0b5e9a554200e2d2f67e15e2d5729c,-3755760.8805954247,-10604.313642761921,-3745156.5669526625
postgres,postgres,acf09c64b0264715a4e29d3e04b5ca274350765a,f0f137599ae5af43f15363f921744bd3c2361966,-1195495.6404505684,-1195520.3205088263,24.68005825788714
realm,realm-cocoa,9d3890e96f0ebbd358f5f2d5ee619dea7f8e7310,210dcc41d0487e5bb86a159d23e048e802a1997c,-3845.9556279181847,-3833.716615805175,-12.239012113009721
edx,edx-platform,2926c94330491cbaa3232b7c76d197453ffba069,ab482277bea6d77b99ce9cd1cdb9061a94ddb89f,12287.446528850627,12288.336492893648,-0.889964043020882
grails,grails-core,7c459eb23c8552fd9cbb975f1b77b998adcb4eb3,c16c4cdbb881a388237b709061e323a90ec75f34,17656.966551203237,17552.419052122994,104.54749908024314
openssl,openssl,1fb9fdc3027b27d8eb6a1e6a846435b070980770,ac9fc67a488427bc3e987f5a4c235e8fbeedf711,-1757469.8786726734,-1757293.7955062499,-176.08316642348655
nextcloud,server,4bc88ef59d0f57b850c88c17469547ec66f76e79,d5566d026745da8fbfc6648184b5b7890956faf9,-12713.243301067432,-12713.243301067432,0.0
libretro,RetroArch,062433491fb6d7f90e4eba03a3d8d943dd59de70,669599cfd7c2d316e9086d31e1ccaab5b5964adb,-1979199.9420707095,-1979196.7349278524,-3.207142857136205
osTicket,osTicket,7e7c4cf0a7daff517f37432fc9de4df34981ce16,aadec3435fe49bafdc3f86e09ab32c1ae5263f67,-13420.468120069574,-13410.450153169164,-10.017966900410102
nextcloud,server,4a47fa255d12fc4cfcd3b675d4664398e0a72730,b0420ee8bec3146273e633b179f7e10423849434,-12361.433389092716,-12151.755791059055,-209.67759803366062
cakephp,cakephp,3bf2559081c6f47542cf1ee7e52b73976de9a094,5b86377839a97b9d5667a0a08f8e62a79f82a4f3,21724.144153834673,21738.572725263246,-14.428571428572468
nextcloud,server,0241ddc759f7e2d2695c4626df5d2ac27b8b1d90,c2e2c59ca7aa873bd07de04ea701a8b351383aec,10950.431121672542,11359.030826481627,-408.59970480908487
josh,rails,ba80ff74a9627f676b4c426587ce5ea487665e46,de0ed534f6055c365d05c685582edeceef1eafa6,7775.442788406065,7775.442788406065,0.0
openssl,openssl,5b0b0e98cec653ae1e65e2251c3e0fc273945df5,d5234c7b3a4ebcd6dcc31a042838d90a27b57c82,-118102.62823338716,-118085.13300808384,-17.49522530332615
openssl,openssl,1250f12613b61758675848f6600ebd914ccd7636,11e7982a7cc6cbbcbb13046ceed37639c26a0bc1,-1879837.9764621148,-1879646.8351649041,-191.1412972107064
mantisbt,mantisbt,603687bdd7ef0ff55761ef888a0433fbdadfc2eb,120e3809b394d0ad6b65eb5a1009c5dc4b157ceb,-23777.164137108968,-23775.633262415355,-1.5308746936134412
owncloud,core,74b5e22a684c3095dbd48b56da1a10d955c20305,d96e962fc1f5df7efec5266d34735ebcdc20b056,-12307.633466346619,-12307.246583803839,-0.38688254277985834
php,php-src,cf4753691dc55999373d1c576f62ecb298723420,ae74549239f80ef40e978942b71c08a7e8a09a23,-3922454.952918194,-3922374.1335981837,-80.81932001002133
joomla,joomla-cms,f625ffbf83d7a9c5093b93b2e946a07129b4091a,2c968f0082f70e9597679a4359c5b26f391b3ac2,-26819.2870478121,-26819.2870478121,0.0
openssl,openssl,3e8b6485b342d70e980418bc4bb2c60148d844d8,f2e8488b8521e133f4f6da8dba635c57d1387990,-739479.501975265,-739467.147709774,-12.354265491012484
owncloud,core,b86f2069ff1f434373c0babe0c28db5ee431498e,2f3c0a6d804609aa908b8e938943e3ab8679b0a9,-6905.93362191403,-6904.755347731756,-1.178274182273526
josh,rails,4735e2ec656163e7400274e237ed37dff5e3fbb6,66dee26930048a0134f339d20d237a32ced2770d,13753.420008773945,13753.420008773945,0.0
joomla,joomla-cms,072e9bf0f2266885f40eb23d54da636280b9b088,f5bf6fbc15b4f2e1c30e2bf2d6eadfbaf654aff0,-22423.43093067364,-22444.66423039049,21.233299716848705
dlitz,pycrypto,19dcf7b15d61b7dc1a125a367151de40df6ef175,373ea760f21701b162e8c4912a66928ee30d401a,5067.888024071009,5065.197270906287,2.690753164722082
cakephp,cakephp,abf1c69babdc6bb071bf4f6a26f60f091fa63283,7bdc47f797e8ce5b6251e1604d3229f5f9dc208f,22403.67419567033,22385.899863614497,17.77433205583293
mantisbt,mantisbt,44e140e9f634266d0a2f3101a9f2809a97702138,b8dc99376f4b0dde8e8c210086df5809061d01ed,-82576.60678480766,-82576.60678480766,0.0
openssl,openssl,d3cc5e610d1719a35cda52c9152134b490a8c944,34e3edbf3a10953cb407288101fd56a629af22f9,-1808775.8936119617,-1808535.618400289,-240.27521167276427
PrestaShop,PrestaShop,d10cef87f99c60f6213f336220efc49f3821bcbc,ab2af6ff20716afccb4e828c9c151b56d2d3f6eb,-1474544.5929614264,-1474544.5929614264,0.0
pfsense,pfsense,2003b5d8bc9c9b2b7aa72f4d3c4532c7349264cd,f17f9f2891b459e3f119ced5857469b96c57dde9,-96579.34798566089,-96572.78722162054,-6.5607640403468395
curl,curl,686d767053e413feacb95fb7ddd9b3883984a3cb,ed3176dd6b5d9d6d26acc95f297cb3ef763ad54e,-23128.243524283942,-23110.04427273213,-18.19925155181045
openssl,openssl,b79aa05e3babdbab92c6356f6e51f7bb43c41576,500b5a181df0e8e442e4cbf954213ff886b29df3,-237314.66831907863,-236957.9605454681,-356.70777361054206
phpmyadmin,phpmyadmin,ee92eb9bab8e2d546756c1d4aec81ec7c8e44b83,dba2af651a53d5037296a1dc827081a94ef1062c,-466748.0443600068,-466689.870003597,-58.17435640981421
rubinius,rubinius,0a0289086b6a9e5bf1ffb0c58dba3ff5a80800b9,3e134f200b26f68d6295dd809baee5e609065fd4,-2482518.7621208346,-2473589.9206211525,-8928.84149968205
php,php-src,617698dfe0f22bfa6041e6f0728136002d30d2bc,c2773ea02f94f4efa0be33f510088e8395caba1f,-4829678.684253341,-4829678.684253341,0.0
phpmyadmin,phpmyadmin,50d1a4884306ae6705f0bb665ba71da24089b6fe,4b133e277f1e7116ff30b2d0000019d1d58749d8,-64612.22612949385,-64611.85554265512,-0.37058683873328846
josh,rails,16669774903dd7bfaaf1bf8f0c72e49ebaeffeeb,1911f8eee928915f1020753a4a3ba34c81131a66,4607.5491632658195,4605.110080594016,2.4390826718035896
cakephp,cakephp,df5c02aa8fe8220e432fe72a3bff1e09a2239f85,12aea2c0f74f7d74e9dd0d25433992fd14ae28ca,-2987.5530445809914,-2979.0083242738956,-8.544720307095758
forkcms,forkcms,1269fe8b3813c7b7d5552a2b88bc2e7bd4d0c1f9,e45964aa7ed3621df4963991d3df03bbd3d6b8ec,-495.6315460667103,-495.6315460667103,0.0
postgres,postgres,515112f9d4874aaedd0c093f41c0ba3e0bf7f660,b3eb4ea5d8c35ba9ec890b0f51d04c0b62d53a03,-1769110.4037504417,-1767678.3957747694,-1432.0079756723717
php,php-src,9c805a6cb31596c41609512bdd8a9a76c9ce9b15,0e51f9798c6cea1b155cb18342a43c54be55a1fd,-4801385.111496194,-4801258.302970814,-126.80852538067847
pfsense,pfsense,f17f9f2891b459e3f119ced5857469b96c57dde9,35c9cd4463738ebfc07aa6099ebb8bd54e10434b,-96572.78722162054,-96610.75706770446,37.96984608391358
dlitz,pycrypto,0782d68840d0ebf850516e606e398b8a5396eb64,f49fd0e1b57071e52200806d095679753fe36e17,5337.94615976295,5338.13060345466,-0.18444369170993014
Graylog2,graylog2-server,10e459de844424e3ea289eba84f963c033f76fad,0a038a4dad382499e0b8b5694d7d2d8c5635cef6,-1907.4888388134455,-1907.4888388134455,0.0
openssl,openssl,e408c09bbf7c3057bda4b8d20bec1b3a7771c15b,a449b47c7d8e20efc8cc524ed695a060b11ef889,-1794124.0330421529,-1794063.2469179125,-60.78612424037419
laravel,framework,953d0a8ba9827aee870f00afb3ca38721dea239c,b9f072942bc2f98da3018fa3c3bceeb87288b442,21959.65774653206,21958.64860284049,1.0091436915681697
google,google-authenticator,86af4c32a2940b13397cac52eee435e6acedb8a5,a096a628455a05c5ff3b651e6aeb1dad9a646742,3326.569932621911,3326.569932621911,0.0
pfsense,pfsense,69eb2e295fbbea1ff16d4b20e7e056b70469aad4,d09ff9ef322608ea8c496121faccd3d778e71e25,-143910.173023628,-143902.54440938422,-7.628614243789343
josh,rails,2d02199e1581db8dc84361803950b1697f493fc0,4965b1b96163aa7bbc5f14d237683a12300e0798,7902.350237549879,7952.843156870936,-50.49291932105643
php,php-src,b3962ab94052254cec19034b77af0ca040b50fdd,d9d74d37ac2de7267b3c9904bb6e77c231f4973a,-4729477.061858958,-4729477.061858958,0.0
jspahrsummers,libextobjc,75848c6b4d2443d4a3e873eefeae1f87afeb7ed1,32f82592642b2b7086c4c94231678f7411897e71,-5167.39814373887,-5167.39814373887,0.0
WordPress,WordPress,f359dab72ea6c3666ba5df592d1efbb0afb5b13d,f52618027882684bff690b9428e4d3077075a900,-20237.17668396527,-20237.17668396527,0.0
apache,cassandra,260163994e4ac71fafb0578cb143ab4f0f22d6ad,52430b93e502dd44f6f0e1bf097ccaaa45e74fd5,-59937.02875596048,-59946.85809434169,9.829338381212438
owncloud,core,f5fe95a1315200c7e0c08544b2aad5ef69167d7c,bd804b74c46ed6779bf82a506711b48644a197f4,2750.2688888975586,2756.074158668788,-5.805269771229632
josh,rails,bdcd5f94b2efdf661f201917d63476c245aa7c09,e167a54785e319c526b638d591eaca0c4da93a54,17665.965905052257,17787.071859753218,-121.10595470096087
josh,rails,66dee26930048a0134f339d20d237a32ced2770d,e4479b2f1bc54edf155408d51dd3236955150ce1,13753.420008773945,13751.7337944918,1.6862142821446469
BradLarson,GPUImage,62d2a9f25d30d3dadac0d69a0e92eab8517c382a,ae6337068d981d7c89e69668b73e5202a1ec58f4,-6387.39728225107,-6398.218710822497,10.821428571427532
openssl,openssl,380f18ed5f140e0ae1b68f3ab8f4f7c395658d9e,37529928faa8456e85a9c5ad9255517da8dd0c61,-1750266.0164045505,-1749796.9891369403,-469.0272676101886
mantisbt,mantisbt,98f63cf5d7f136cedf6791606d4dfe7d1989f113,141cbe6e866797b102313ef0aa8f46896871ab9d,-77030.02094264599,-77030.02094264599,0.0
phpmyadmin,phpmyadmin,9b2479b7216dd91a6cc2f231c0fd6b85d457f6e2,e9e3998949adbacf82b90e9d2061bf56e609a373,-287035.52262099256,-287026.3418037027,-9.180817289859988
curl,curl,2acaf3c8046ae2c340f628d1af5ecc9be105f875,9756d1da7637d1913b7ca2b589e4635f32ed3e00,-59062.11599064959,-59062.364514710396,0.24852406080754008
MPOS,php-mpos,1d5e69d219144a5abaac4b56418b60b63b272d48,5d8fecfd812bd74c320919b2e3dfd25421c17dc8,-4477.231700372319,-4465.907913433332,-11.323786938986814
rs,SDWebImage,6e4fbafa554244c2561cf2cb07c5bda1d4e39210,0b47342b2f9f5d7eaabf7a6874feb32604dd0f91,641.3632700680779,632.7003136456559,8.662956422421985
openssl,openssl,80bd7b41b30af6ee96f519e629463583318de3b0,fb0bc2b273bcc2d5401dd883fe869af4fc74bb21,-1880180.5676501216,-1880125.0884611662,-55.47918895538896
mantisbt,mantisbt,3be86ce37bb469b211663da03f61ac2b28500d91,a6a3a136bd05df52f1ea4dd906230ac9ae9d9cad,-52577.336473947136,-52586.206986087425,8.870512140289065
mantisbt,mantisbt,e8bdd248213d2de9cfe1f9bd4bd9dc12b2f5fc73,622afd2d4bd40cc713d3e8ee7fa1d44fe5dfadd6,-52554.414901968084,-52553.66828293208,-0.7466190360064502
nextcloud,server,d19de49606d45046f9d7755b180e5850bceccd19,56c6e6a334caf690184c84bae290ea596f53c3de,1132.9446200156094,1132.9446200156094,0.0
apache,cassandra,ffbcb4b11b40c52253b02098ca0225b9cf426cd2,4d637f1f1b62593e0c52e49966e3f286bf65c3e9,-5434.055635084706,-5438.43709769389,4.3814626091834725
postgres,postgres,a7a012d1677cc81e32c2dfda1aa9ec083fe6a295,47f14e7ddf4a1e139ca1a05e673be4f1d3c1dc06,-1014481.1464505115,-1014481.1464505115,0.0
Graylog2,graylog2-server,d7762a19681f0a938efbfc57968e8d3ad824876f,5706650605adfd6c25c43b69056eb32f2a7730d1,1687.3824703501905,1977.8998157776043,-290.51734542741383
MISP,MISP,415d85102d5aa5f96f4f11a17c86b59bb9cc0d56,9b67e5ecdb967c1c5e8a45435d141e57357b1633,-6441.590269223956,-6435.946839691294,-5.643429532661685
josh,rails,eede82ccb980d9d1c67cddc6972a7125ddab1949,26238ac1731208949312f4f91d75011a2da30d49,8130.0322589585585,8135.730062752513,-5.697803793954336
PHP-DI,PHP-DI,be416a1a595ab435c08211646aae76ef3635631a,b25b80079f09f0ae8d4f44d2502ac85008976b34,951.3971796882342,944.5685615382464,6.828618149987847
google,google-authenticator,86af4c32a2940b13397cac52eee435e6acedb8a5,a096a628455a05c5ff3b651e6aeb1dad9a646742,3326.569932621911,3326.569932621911,0.0
mongodb,mongo-php-driver-legacy,5e336f8664ea3c7e5f934ddfa49a7c65ec695bed,1d8402446acf5a00f7fb72de884de12b4458c68a,-792.1772659259968,-726.6987359874753,-65.47852993852155
josh,rails,ebfa43c423ac16bb699424d8d3db11855dd79a91,76797b443929005f43512a147e97f02f3145ed81,7460.017014533621,7459.492715109726,0.5242994238942629
phpmyadmin,phpmyadmin,bbccc368173294f8d713a0f4dbfca28560811b33,2d56821c0f1337ae3fec7e845a396e2b0448fdeb,-61865.832778603115,-61865.832778603115,0.0
joomla,joomla-cms,4f455b16ea0c10d72045d0b15419a16d66046036,9c33979356e300c02842dc7a71f4294814b4edb7,-22444.66423039049,-22418.73529970106,-25.928930689427943
josh,rails,e115ace02a88290d2fc707b4979f23728c300950,db8b636e50ee8a138f48117e8e8ad057cc7527a4,16829.419435519176,16829.419435519176,0.0
pfsense,pfsense,57627d9f3152f6ea984d3cdff71fa6e888784701,bef1056048aa2e0839fd5839e83da154f06c8c2c,-143916.4005782875,-143914.86986975564,-1.5307085318490863
cakephp,cakephp,1545b730ae756c2e565083fc66624cc9fb949f35,ae3d082dd6e29607518e557590ae74b7d525ff60,-3476.1693930446545,-3478.762586346463,2.5931933018086966
php,php-src,85e985f191c228cb6b119ebe223d682c9166fdc2,8de8636a2b6dc331486284f1f037259bb7347768,-5049791.505053819,-5046912.466129476,-2879.0389243429527
php,php-src,80367584910885baa1a2a4476a4a31efdcf0c9c0,f7d7befae8bcc2db0093f8adaa9f72eeb7ad891e,-4294846.912188808,-4294768.29129346,-78.62089534848928
MISP,MISP,0687d3f6f48247fbcb510c26e0966864a8fa9081,9cd1b0469d872a48afff17f5b2bfb9a6ad0ef8ee,-44418.84165047082,-44421.45997009253,2.6183196217098157
php,php-src,7c7b387cc323bc372fe15f62fb1efdfb705e02a3,efe519c1945a3ed0ae93c8466e02fec2a6997b09,-4148298.2024713964,-4148239.501217283,-58.701254113577306
php,php-src,bcd64a9bdd8afcf7f91a12e700d12d12eedc136b,ff10dceff87f4c94c55e6bc2e962f4bb3d66feb4,-4833234.843517757,-4833174.260280591,-60.58323716558516
realm,realm-cocoa,389737432e18d99fb40e333e80478b8efb43e40d,0a4d63499a7a99e8c135c713b96cea851119e978,-3328.821071687254,-3328.821071687254,0.0
slimphp,Slim,2be864c28f35f70d60a2e682a7ca28f31456106a,1a30b092861d391e6822cfc999b2913d9064a0a6,1235.7330603355886,1233.0397281215717,2.693332214016891
curl,curl,768151449b386488ac8fe869f48bf2930123d601,97857de80eea0b3028036c6796c2f485f4caf7d9,-50224.56031364796,-50217.93158163029,-6.6287320176707
ci-bonfire,Bonfire,241e32380cbdfcb35ed3796fbaa59575a25aff1a,2a0115a93c5368ec5d1cc5bb35e08f4988373b7a,-4603.392640704046,-4654.318740918396,50.92610021434939
php,php-src,fb04dcf6dbb48aecd8d2dc986806cb58c8ae5282,8b14d3052ffcffa17d6e2be652f20e18f8f562ad,-3914198.5073599243,-3914125.3109998703,-73.19636005396023
php,php-src,52e0c4081f8454e9086fc7d1bd1a338ac4e05868,bcd64a9bdd8afcf7f91a12e700d12d12eedc136b,-4809319.237461103,-4833234.843517757,23915.606056653894
openstack,nova,f21d8510bb3f55b2b76aab251b0427dbfa69c5d9,937e8fae0237aed835ab2a55b4d4f0885a04f1d5,4002.34232655506,4002.34232655506,0.0
phpmyadmin,phpmyadmin,3759bdc56de7b742b32f4d0c3f2a452b47dce191,8f8584bf2ed112fc85b1fd7ebfa0f6cfd74927ad,-95191.22475515313,-95191.22085857329,-0.003896579844877124
curl,curl,0aabfd99631a292a72ca601ed0e83786ce9f0ae4,14b77db1b97bb382ec97535666813dea26594bd0,-47847.45857090737,-47840.67882513761,-6.7797457697597565
phpmyadmin,phpmyadmin,d3fafdfba0807068196655e9b6d16c5d1d3ccf8a,ffa720d90a79c1f33cf4c5a33403d09a67b42a66,-66502.62995634583,-66499.61409509035,-3.0158612554805586
joomla,joomla-cms,f625ffbf83d7a9c5093b93b2e946a07129b4091a,2c968f0082f70e9597679a4359c5b26f391b3ac2,-26819.2870478121,-26819.2870478121,0.0
Netflix,SimianArmy,553e15873a7659a2696663f162941177f436c331,0100228e3e1c85d9490d735f89077cb01418e1a3,4148.942900643586,4148.942900643586,0.0
jersey,jersey,f2460a046b8d94f1140d6444a8dca494360310b4,b825ebd4f2e2670049f94d3aeecb364c92cfdf19,13979.067073288195,14008.207603243693,-29.140529955497186
AFNetworking,AFNetworking,c23c37ab4ab9b2401e824df717538e37bc5c85a4,92006270b12ed6778095afc9d8bae9b54210df18,1108.9249563345772,1107.2827316437488,1.6422246908284706
nextcloud,server,ba4f12baa02dfb55ec8822687896d643261440c4,7cdf6402ff9a0e07866ca8bcfcffd0e0897b646a,53547.182614413025,53448.53992986624,98.64268454678677
yigit,android-priority-jobqueue,64facaf74486b40952a6b55b9c83262883aecefd,16fa174851836f3c30bae9c60db32f73157308c8,1185.0557099112837,1196.2104084814146,-11.154698570130904
cakephp,cakephp,c95def9d664dc5e25d4fa9ee7d182858956326a1,2109e03c30c42988e4623317d7d756040dd48bc6,20163.63614658597,20163.63614658597,0.0
joomla,joomla-cms,2c968f0082f70e9597679a4359c5b26f391b3ac2,73166721680177bb3d63eeeed973f47895a68af4,-26819.2870478121,-26819.2870478121,0.0
joomla,joomla-cms,7cbfe86124328ca8209f92b52f3bdcb418355f7c,8ccbf0ab98b35e2c8289f1240fff52f7a1ad3957,-26562.588801820715,-26562.469622851135,-0.1191789695803891
frappe,erpnext,4d713ac5ba1929e8cac886365af152a54d481340,eb7fea673bb147677a15eb5da3351fa1576f006e,17661.823064471286,17630.29392987913,31.52913459215415
MPOS,php-mpos,256b5f59c60f89be5da5d7c89e78a56d3a6876b3,8fbad03457cc1e0691b816f163b71e8c6d29f13a,-15333.430395674968,-15306.45808532488,-26.972310350087355
php,php-src,a552ac5bd589035b66c899b74511b29a3d1a4718,6a9d9cf2724df4b00c63c206689b0bd60d334388,-5155915.7284479635,-5155915.7284479635,0.0
mantisbt,mantisbt,36ed5a459ab0d7757dc0160fac361485efc2d133,2e841fb3d4fbf9e1a908a301823f5911108592e3,-4341.536479124183,-4324.041824504909,-17.494654619274115
openssl,openssl,103b171d8fc282ef435f8de9afbf7782e312961f,1421e0c584ae9120ca1b88098f13d6d2e90b83a3,-1848466.1419672114,-1848316.6434212201,-149.49854599125683
mantisbt,mantisbt,b649c9c91b856ef062f71ac6df16f0426238c182,e8ff7b99d6830bdc78aa13959fa6355ca298c0f8,-45946.91958112758,-45946.91958112758,0.0
cakephp,cakephp,974ac44fb43a7ecba9f14d16a0c7e39530f14e88,613aa19d945a508c2aaae6470fe90c87806445e5,256.2831031616084,253.11803738753855,3.1650657740698307
mantisbt,mantisbt,974e6da4a2f07c408b1683acae774f438b5a2f11,184a0f4a06e9941cc126cfacf0774badf2255a88,-82145.42314904717,-82124.54540588999,-20.877743157179793
libretro,RetroArch,1cdaa652a9d90303965806769494eabad89bee85,48b8c78de20ad0e1ab115014c3bb823bf6a9703f,-9598.070192184367,-9578.183844220948,-19.886347963418302
nextcloud,server,3ddaedee3bcc498b144d3f5df1356eccee7fbb49,2b228fba3463722ad19ea6ccd150b96772508791,-11917.175306984496,-11917.175306984496,0.0
curl,curl,c2a809cd265c37e7bbef55e64d70114d2f0d7189,ae7d6b715448101caf99ea3555c7b7448711676e,-61123.064752259554,-61095.73021775369,-27.334534505862393
pfsense,pfsense,7145cd87d1f6c67c900f6966df5f2d0ace50e109,c3936caf80b590f65bba7829db53bc0da4ef6a67,-143910.173023628,-143910.173023628,0.0
curl,curl,e5d8693865b44ecfbafbe15a7850d6e8dbb051e9,46c92c0b806da041d7a5c6fb64dbcdc474d99b31,-29634.537805486605,-29634.164938814025,-0.3728666725801304
php,php-src,6ecd417b34bd5b957e0f9b76610f94421f38d955,de73bd0123139aaf893a45bbdf6848308e9dd1d7,-47091.81461349766,-47082.9173134818,-8.897300015865767
joomla,joomla-cms,8173c65e792b8fba65f88032d10da7a2f7cd5bd4,fca1c962be8966ae3b21132d8e11a74ae8631baa,-31939.65872889436,-31937.960905674176,-1.6978232201836363
splitbrain,dokuwiki,02b0b681935185a1c4d2d64e76fe499f3d438d12,10ffc9dd6a89562ef502baa21f968cf269fe21b0,-4476.74812745496,-4474.886213899322,-1.861913555638239
curl,curl,ae4558dbb479f09ea01164b1a0d4ac54ec88b29c,ee7669ba3adeec052d999d9b415bb34caaa1e94b,-48124.09963054735,-48121.75324254448,-2.346388002872118
openssl,openssl,a91be10833e61bcdc9002de28489405101c52650,a7c682fb6f692c9a3868777a7ff305784714c131,-1852816.66995725,-1852833.6875566128,17.01759936287999
php,php-src,4ebb4060f918cc15d2e7be7f37ae71ada92e9646,1db171deb8d99dcf9cb453886816338374b32653,-37971.51790304174,-37967.08532937074,-4.432573671001592
josh,rails,4e3ed5bc44f6cd20c9e353ab63fd24b92a7942be,3dea8b580b9c67bb27c01290fb3b17f446544b78,7904.701919899484,7902.25023754988,2.451682349604198
nextcloud,server,0074062b5329c3d43679909fddce2d70608a4475,5c6a7172cafc395d38c58d1b5afd6b36efb33ad5,-11386.98012091123,-11386.98012091123,0.0
yigit,android-priority-jobqueue,254cd596fb0c5ab16a7259fda6a6d90ce7fb6944,66363dd3c93066c8ddeb1728f25804ec2522ab09,1412.1738733446555,1412.0563567790334,0.11751656562205426
phpmyadmin,phpmyadmin,ae67d35cdc00eee733c278c91ab547db5d47a217,a564d981e9ef5022d69b2720d6a6126c73c74637,-72278.84982423598,-72275.83377734327,-3.016046892706072
joomla,joomla-cms,686b5fa4e8954be61e547b93b56be586ef1a1303,09c9cd873afe21dc5018b4be104a504490aa32f8,-22428.37476928911,-22427.992344461658,-0.3824248274504498
deeplearning4j,deeplearning4j,72b70da28e19c1571334e0fd23b2a58cd9441461,93f320bb5e467d6d4779ee8068ae05eaaa5c87e4,-2043.19221292565,-2041.3744813945075,-1.817731531142499
rubinius,rubinius,60381aa5b8b20d4189e67a3dffca5340b992fed1,35999eefcb9df64f81478b504f479f714bd897cd,-935461.3104162939,-935324.9880423399,-136.32237395399716
curl,curl,a9beeeeeeac018157412e4510342554a48df54f4,a8ec986981d6a218ce3abac27b9e0b0e76286863,-53449.99177730094,-53460.813205872364,10.821428571427532
Codiad,Codiad,7535bd5c2ec6a485b545c2a518d61099ef160f6e,763114ac0eaeac1339c31a3355f93591d69042c7,-31498.798878493162,-31501.389489943933,2.590611450770666
curl,curl,18ca0aa9842d3fb6e0740515df7b5960fab4408e,c4e6c33b13ba2968713a468736948b6364a50810,-49302.898252462495,-49270.514392883015,-32.383859579480486
Graylog2,graylog2-server,54b6c06ecc58d44459001571a1fd258e8af6d68b,ac6493c909d78914d44800dc3c9b7428af80ae31,46457.19377828558,46457.19377828558,0.0
mantisbt,mantisbt,5faf97abd7c1a1037ff63b8bd1d8df94c71b59cb,cb23fb2486bfa5707a9acc6f1a1329b6588d94cd,-53080.749549066204,-53080.64147743578,-0.10807163042045431
php,php-src,7667ca40b02b24c8f7950049dfd17e91e9d1b281,395c0680434e96524fa56732cd6e9da7fd75e6f5,-3993102.9796438683,-3993049.8001857316,-53.17945813667029
openstack,nova,1ea998649058f78f63a167dd697cf5f6732596ff,f9d23c69e25a2ce5e8c3a37d1e771d02c43cbfb5,17363.34737491509,17358.115007022014,5.232367893077026
pfsense,pfsense,ee3de7b191e3735b2d03a932809ed37e22e03177,034620d62ae1026679da444f860f0467ca572eb4,-155487.21259446073,-155487.21259446073,0.0
mantisbt,mantisbt,2d2309a384bcd9d4b6d7d2928e8ded2c46d2d7b0,a64a0d220a44ec7d26fce77154f7ee2a62337a95,-43232.51551997974,-43220.35369572833,-12.161824251408689
mantisbt,mantisbt,c272c3f65da9677e505ff692b1f1e476b3afa56e,f8b2510febf47700b3e29b4d0c746e2d16c29487,-42245.113500125735,-42245.113500125735,0.0
curl,curl,2eb8dcf26cb37f09cffe26909a646e702dbcab66,96ffe645fd2494f14780f7c105fcfeeb8ca7d94f,-48231.411608400376,-48235.884763836504,4.473155436127854
splitbrain,dokuwiki,1b2a85e896db1404d2d5fa709f4c86d6c58fc3f4,634d7150e59d03e4a4987164bfe9948fb8828c70,-8702.991470631541,-8679.692251758073,-23.299218873467908
fruux,Baikal,1896af0a45ef30f2a3048a5decb838c2c1da5608,95b18da309438712ffec7e8c1f20984b9ec1e232,5403.109628686515,5393.916486747821,9.19314193869377
nextcloud,server,6bdefef31e87f6c1be2ed7693fd2f6d203e32462,127796218314c6b1f19ba86f74caa913375aac8d,-12322.29296870072,-12324.447675729341,2.1547070286214876
FreeRDP,FreeRDP,657e6c6a55ffeec9a32d3dcff6add7cca5870398,064bb8ec167c0fcf178466ae2e4954f3134f43d7,-5020.300871391657,-5020.300871391657,0.0
josh,rails,db8b636e50ee8a138f48117e8e8ad057cc7527a4,8be6913990c30f63618173da722148892348dcc9,16829.419435519176,16827.126065981316,2.2933695378596894
tornadoweb,tornado,1c36307463b1e8affae100bf9386948e6c1b2308,7279a303d1c366aabd4facfc6b29ed46c3422350,640.4348569481331,659.9935962272087,-19.558739279075667
joomla,joomla-cms,3825fe7a80a1e16dc4085c066e93c9d295efd12a,9a0446f5b3a377a590186cb7af8b05d7ecec8510,-22418.73529970106,-22418.73529970106,0.0
mantisbt,mantisbt,11ab3d6c82a1d3a89b1024f77349fb60a83743c5,ecd12610576e71764a318d8ead1c753ab7a30d16,-47500.11854111287,-47500.11854111287,0.0
magicalpanda,MagicalRecord,d56b7ecd5fd9fe4fd1e2efbae616cda4562a7a01,0a735fc70682aea0338aca73d874b1a8cefc217a,607.6035598215844,606.6035598215844,1.0
moodle,moodle,16303ee90546962c473829418f4cba207c164dd6,9e1c2ba45c1672cd47e6f81cdcda61712c5cf956,-2981394.631713536,-2981419.2354228245,24.603709288407117
josh,rails,10a63e2a0cbdc1e8e4d7aef87afc868bd599ca94,f6de806537d60e94183f26cd6a16da426e84911e,11814.027141583412,11814.027141583412,0.0
ci-bonfire,Bonfire,b60ea88257c58d23c97ac95a4291dbd22d4c54f9,21b3af7c32f7c8a634dfbaf5fa55ccfa25779018,-4772.556867122611,-4772.063548756198,-0.4933183664134049
owncloud,core,cfd0140e2faa250e6e90cbeb4ec2ca4dcceed2f4,3c182bdb351cd0f7938c9f9f022b44b4e530664d,-12228.744298878955,-12228.744298878955,0.0
php,php-src,f06a069c462d37c2e009f6d1d93b8c8e7b713393,e8429400d40e3c3aa4b22ba701991d698a2f3b2f,-4296957.367716779,-4296934.301806957,-23.065909821540117
openssl,openssl,3f3582139fbb259a1c3cbb0a25236500a409bf26,05aef4bbdbc18e7b9490512cdee41e8a608bcc0e,-109039.00455153747,-109039.00455153747,0.0
josh,rails,0c7ac34aed1845044cd1911e5a775366d7ca41c1,bea9c9b4c0f9bb7356ea2058118fe40495432010,17543.725933245598,17547.219574103205,-3.493640857606806
cakephp,cakephp,076b6f998c42613dd64206c0a1d0d4a6e2055efb,2c85da44da2c9bbf6fc4a52ba990660f554d320d,17473.034171259387,17472.16139805215,0.8727732072366052
owncloud,core,9ab887fed543a22f8a57e3322eb4ff23834e2f86,a7292e897a70a2f7e79f61396d4888cb694f0860,2903.8597789162,2903.8597789162,0.0
pfsense,pfsense,b71f0cbb059eacb260f71ce671bd7b4dbae39c5e,64307806ab5b53a60a4343862f806be90e2eea79,-125832.9643615166,-125832.78031965141,-0.1840418651845539
php,php-src,3f7b92c06c6e4cbcd9bc949289b51756cfb658bf,99c56139c75b48914103bc2351b5422465f3f97e,-3868520.0253112447,-3868417.273116546,-102.75219469843432
mantisbt,mantisbt,7d76827617e97d7356e7eb4f2f66736e4c4d41b0,3be86ce37bb469b211663da03f61ac2b28500d91,-52576.30737827037,-52577.336473947136,1.0290956767639727
jnicklas,merb-core,449b212581a04c4d6fab06afa604eabb662e5cdf,30769309f5d6290ac2adaf410073bf37e2c1a2b2,2713.3925821072107,2759.5146194758227,-46.12203736861193
php,php-src,33d41da3474729486d6bbb7fb13e1b697356481e,e315a162da99f59e82a5272714a6f3d4d724b037,-4851995.315264712,-4810393.3746671975,-41601.94059751462
phpmyadmin,phpmyadmin,4ab34edba6a14dfdad988310a88e1b3770c6ab64,cbcf740adbad341c05705de6506908f41a24fbcf,-587512.6500815253,-587476.130502708,-36.5195788173005
realm,realm-cocoa,77329db68ebd778e4f9eb63de47879f63ac118b0,dd718fc2911f5321f1d8ca37d47632a3bea40739,-1381.0454584520915,-1356.572104704541,-24.47335374755039
mantisbt,mantisbt,a2ae23486eecc690325c8f3b0e76e3118286cf58,8f95c9e3fb3451bf6415206a9db17645e8f97752,-77058.1890981519,-77054.28297942915,-3.9061187227489427
ci-bonfire,Bonfire,b60ea88257c58d23c97ac95a4291dbd22d4c54f9,21b3af7c32f7c8a634dfbaf5fa55ccfa25779018,-4772.556867122611,-4772.063548756198,-0.4933183664134049
openstack,nova,fdb73a2d445971c6158a80692c6f74094fd4193a,e5ed57dc3f93164ee8c09b13c60e7712736ad58a,20109.800472431256,20115.793553291132,-5.9930808598765
google,google-authenticator,eb7748cded7b14b907b7ebdec0581b6bb1e7e77e,59d1b79139b5b29d652780fce1906cb632c2eab9,3327.267877769627,3327.267877769627,0.0
josh,rails,bdcd5f94b2efdf661f201917d63476c245aa7c09,e167a54785e319c526b638d591eaca0c4da93a54,17665.965905052257,17787.071859753218,-121.10595470096087
phpmyadmin,phpmyadmin,c79375598d46552fc1717f798a6560f9a1cdc102,a5716cb3892f1714a97d8808cde9229ccc8752c8,-122204.53022447627,-122204.53022447627,0.0
postgres,postgres,fcd15f13581f6d75c63d213220d5a94889206c1b,41f18f021a0882eccbeca62e2ed4b66c6b96e9c9,-5324511.086292712,-5322818.517982797,-1692.568309915252
php,php-src,398c6e6d1153ca2034a152977d1700629b146e43,bbd6ab2054cbaffbc510a5a9e491a23898faaea9,-3827250.9890763992,-3827188.920098793,-62.06897760601714
Graylog2,graylog2-server,4952a08b81be428b28975523abab29cdd8a37c1b,ecfeee91aa1ba1226c64513f7daff79d1c904198,15925.548140541201,15925.548140541201,0.0
BradLarson,GPUImage,d8f8a98fd4c291add6e577857ccb5079934530a4,a65f6629db953ecb11dfbb8ea6927d156c3338f8,-405.8375740619598,-396.194000151155,-9.643573910804776
grails,grails-core,c1d13410a0a8d88841b6afcae7a7bfa0ebf5bad7,d10659d4aec4ca3a6760f04b3b22a9d0ff656e3d,18047.891214520954,18047.891214520954,0.0
Graylog2,graylog2-server,0daaecd63895bfa683656d14d8bd0c3fb42f6cfd,2d2e6f5e99fc5f830c19fe1724899acaded2ca02,1685.5903621741802,1685.5903621741802,0.0
pfsense,pfsense,002bc4ab3268e6e5cb3a01ce73a4c1624d09050a,d6a0379d291f5e98500776618559343f40254e40,-96964.5678435695,-96959.97458875214,-4.593254817358684
lxml,lxml,b14f67842b88f2fcecb24166f1ffb7de156066b1,0af4cf494d4ee955366f9d4b059ad1f78ef60185,2138.0786712757267,2138.0786712757267,0.0
micahflee,onionshare,426d744d586502935935139dfeb81fb12568f4e4,05ec78dc34cfd1ef92ace06be2d58c50d6090219,434.7996555028722,436.16857763771594,-1.3689221348437286
spring-projects,spring-security-oauth,3425e1d534b0cdee5a3c060abcc0233fbe74d4f7,00afb535ce8736f26a2ac270fabb8dc62943b0cb,5942.522401830401,5937.742203134229,4.780198696171283
nextcloud,server,7cb0df28e2d99237c92922d9bf2fd203f0f1d8c0,d61c8d74bbba9901c453a5f9be9a4ffa6cce4291,-86205.05873104201,-86072.95188622912,-132.10684481289354
realm,realm-cocoa,4401ff8f740341498d211fd4f33a6d43675f0789,208094562f732387ff8e62d5994b5d311dfcdfe1,-980.752550851597,-985.5280175792485,4.775466727651519
openssl,openssl,cc22cd546bd0b0e1b55c1835403ab564d5f30581,7b3a4d610731929d4fde15411f9be9b883974980,-1913466.2508884277,-116903.10497797043,-1796563.1459104572
realm,realm-cocoa,30be0ce78d908e5e0d99918a18ce3a554e45b5cb,7964a8970bd3ebd8d520c84d0d6fe3b258769a73,-2365.61642423845,-2365.402480064718,-0.2139441737317611
mojombo,god,3e4fd2898cd4f92afeba120776dc3ba7f4a6ff0f,c173cedd248239b82f5e432b355a58e859d04b21,1598.9571775408363,1594.9682061151204,3.9889714257158175
Pylons,pyramid,13906d6a2eb8c852d32752dca9e06e7d203d86d8,5a20b131b921362785dda87409ca8eb3a1a9c6a1,-236.3614230489734,-238.5861185322404,2.2246954832669985
openssl,openssl,f5c7f5dfbaf0d2f7d946d0fe86f08e6bcb36ed0d,5dfd03812c54ca72d5e4f3d866f270257e6af082,-110602.93819228304,-110603.18638857346,0.24819629042758606
mantisbt,mantisbt,f66440902877103f312905257dbccdad02ab5a3b,f21b56fa9060dbae9438b0d0dfb21dff090c1dd2,-43253.15884901038,-43246.50688694544,-6.651962064941472
rs,SDWebImage,dfa03af19f38c74160fc9d5abbcf2d20d1de1f18,a8d5b3ec72a94fa9a9e632dbdbf8463e8bec923d,555.9527072166201,555.1552509370499,0.7974562795701559
travis,cosmo,2cf68a08d919836b464a4fd5e23cf0e2df83cb60,07652f8431724abc038d2af89cb1eddb1e98c1e6,11878.317485175565,11849.097700467419,29.219784708146108
curl,curl,0ddab51ad874b64e38e26840a916fc13f4d2ed7b,9798432f567f1589f1da6216e2795ab10b733128,-23172.105994672558,-23166.4800870819,-5.625907590656425
owncloud,core,cfe219fbb9f2f734b063041ae420400044f90000,344299a074e135140262d051531f723be69c786f,-12053.998950214109,-12055.99920694923,2.0002567351202742
composer,composer,34553804132ef6291bf2aa1c794a044cc09745c6,2f3db8c397bc717c4ee14f356eb7a8d7c35ce7a4,373.55158299565664,378.3148495658426,-4.763266570185976
owncloud,core,1d6ca084a6f5414ae3bb0753500ad386c86d087c,3b9bf83fe7833c2cf8d1d9fc2f0f2a41b2a92ebc,-12319.766169117323,-12319.766169117323,0.0
h2o,h2o,34959c4b0c1af43144ea62f3a89283c523c3c1de,ea4816f2f12f0e821c4655584c08847b0aa1cd4a,-3791.658327977144,-3791.658327977144,0.0
owncloud,core,d19de49606d45046f9d7755b180e5850bceccd19,56c6e6a334caf690184c84bae290ea596f53c3de,1141.0449187212266,1141.0449187212266,0.0
jokkedk,webgrind,ce66c4408c2fe0db526b4cd915c765a009f3084f,077f79f13ddc8efa4cb10c2c041eb4b50037e0e3,-95.45602402735659,-95.45602402735659,0.0
openstack,nova,dc8de426066969a3f0624fdc2a7b29371a2d55bf,e064d6d9f4bf7453a373a082f9bacebc60e201c3,21783.62277751314,21759.71946974906,23.903307764081546
curl,curl,81f151c912105ded480c3c88a1be53ca345298a1,b80490641414983404eda65095224535a41a12ec,-40802.34433741004,-40802.94433741004,0.5999999999985448
josh,rails,99e9faeda8f039d34e9eeab319e8adc13cb9bc86,d70d5219554b55b24586d559bd39d829317d523d,6036.783894653708,6036.400272835829,0.38362181787852023
Graylog2,graylog2-server,a81c7dad4a90d047749a1d1e3e27a87716cad2e2,72cb5c1e17ee8b5e29ca314b308fdadfa7d59bae,1524.288160209669,1524.288160209669,0.0
pfdemuizon,phoneinreport,cdb52ad0d30a483e7f7991741f262cf2d309df27,b548a2a2e9c6ab43bc19623514c796c5cf09ec18,1449.288073996406,1448.8673326393762,0.4207413570297831
php,php-src,f1b2afc9d9e77edf41804f5dfc4e2069d8a12975,6477bb724e0c4e95dfc8f315cac4b7e7a692b0f8,-13259.223374026154,-4805849.114412643,4792589.891038617
josh,rails,b31a7a6f1ec3c74f75b4cd12386b08295287418d,2e3c3a87d81e16a2fed442c1cf31360f75737a83,17547.219574103205,17546.96946267325,0.250111429955723
owncloud,core,068688063eb660d35ee0dca8d3ceb53d2f243bbe,f0da7b20c12c14e0fbd9cddfbe7c5c26d43e2607,11367.511787870339,11366.69300940366,0.8187784666788502
openssl,openssl,48c054fec3506417b2598837b8062aae7114c200,c1ef7c971d0bbf117c3c80f65b5875e2e7b024b1,-111624.31745898715,-1794050.5755595681,1682426.258100581
kanboard,kanboard,db88a00d48d1dce48b8700e460c06ff7fb344f0a,db69d5c429cf747e72c4ded26f3821e7f688bc13,16583.037936476194,16548.596503884353,34.44143259184057
joomla,joomla-cms,2d9d949b4f443f85112d6431ec0d9b5c22f829f0,3c38c18ac058796559d6a777789f39b4d492c362,-26575.932109144447,-26562.36077142981,-13.571337714638503
mantisbt,mantisbt,132cd6d041f8ef5811e4eca8bdb516c893ebb52e,7cc4539fca65a61c48a40e31787e7d4751a7f9bd,-53129.43112591626,-53134.28235965825,4.851233741996111
mantisbt,mantisbt,45f9e746fb9a42e74b668211372d9e45db3e7b6c,f5ac454eb63fde102347a021a2af0c535033d572,-82488.19345660454,-82488.19345660454,0.0
owncloud,core,d18bd17eb7d13010e3daef5351d7f7ec64480fd7,d134ba9a82a904ba317d4a6d9a75e46ab9249ddc,5708.812647616518,5703.919599921666,4.8930476948517025
moodle,moodle,1bc6c1ed3788edfd8cc108d637f6845c6f24ac88,c8e564f5ff6a47a93eafff3c23fba955ad508dfd,-1519152.4802115818,-1519152.4802115818,0.0
openstack,nova,2427d4a99bed35baefd8f17ba422cb7aae8dcca7,d335457f48d09c3d780c92413fe777030c1335e2,-38450.79688577202,-11207.51803190457,-27243.27885386745
chineking,cola,193270fa323d3c76839b751fbf664d79f0579fde,5048d32a7de9242e20f781f749fb3d373b8a2aa8,889.3483951427025,890.102332097478,-0.7539369547754404
pfsense,pfsense,08cf5428d6fa7d080869574cee0f22e669b8db03,53aca1fdc3f7683efd90472ed7be78f793eb78bb,-61797.752337261234,-61797.752337261234,0.0
openssl,openssl,5cb4d6466a14665f8cd659b6dd7746183f2c60bd,f5c7f5dfbaf0d2f7d946d0fe86f08e6bcb36ed0d,-110602.93819228304,-110602.93819228304,0.0
joomla,joomla-cms,60ab157a9e829460d77d73c03784960e351db09c,fb82a9ff4f1bcef944e66a93c98710c5774120b2,-26864.771991242706,-26880.562732673414,15.790741430708295
mantisbt,mantisbt,1677251434b6e8b2be8f1d4376a3e78f7be14d95,c26b34b6cf24f69ece52d3409fd16d659a767fc9,-42247.28620100113,-42247.28620100113,0.0
edx,edx-platform,f0e7dcd346f1b17505897bbe7b20365c88f51757,1961189819282cc9341889fc928f06a340b71ae5,-256.70916432396587,-256.70916432396587,0.0
owncloud,core,8313a3fcb3b24bf9e36f48581f64336623ae1ead,1f96fb3352ad43155586d6deae95bf889768ba05,30546.99625228186,30565.883981626983,-18.887729345122352
forkcms,forkcms,95446d29a7cb1240d804fd8c2ad6184fc4c9649d,44eef2274c69ee9b4d6c72d98f47f52e58011c65,-11502.271596554643,-11500.745282433827,-1.526314120816096
edx,edx-platform,e5ca9618ea5ae9f2fc11ea5a8c9f479b1430d84c,79c1cf19a065b99d896b81b292b588762bedc6db,1020.9286837036511,1019.8376750925796,1.0910086110715156
owncloud,core,f6e61a296f67f71a1c6d5d5bf8d7e891cd708b43,9b3c4e8dc453a674c0f1aee8c60e9d7f24b34e49,47526.17811250538,47548.47793292925,-22.29982042386837
joomla,joomla-cms,4057d02029a83a6e6ff372fea47a844e31d0aff6,840c8605e10d8ea92ee7f3304eb574f20147d460,-26864.771991242706,-26864.771991242706,0.0
openssl,openssl,2aacec8f4a5ba1b365620a7b17fcce311ada93ad,9cf315ef90d0cfeb8bb7a38873eea07a8f0dffec,-1733805.2522949355,-1733805.2522949355,0.0
openstack,nova,b5f8ab0e913c121a80ff0efe358960099e7c87f8,1cc5e933ccc29a88d09d2050e5224ee27eda767c,5986.670280199041,5992.841422998052,-6.17114279901034
cloudius-systems,osv,703bf08d72ef617b212632e038a93be0d00e879f,c284a3f07339b344c40b70ad64d0d554d8738f84,-854846.4570318017,-854748.5308690373,-97.92616276443005
nextcloud,server,68d55648d5904a86d21fb5258684687a31929011,dc41cf081cac227f0d73b56542fa6295285e170c,3938.9961448497234,3939.929728040112,-0.9335831903886174
splitbrain,dokuwiki,634d7150e59d03e4a4987164bfe9948fb8828c70,0e1a261ed103bc8f11934d76ec8c7ec412f02220,-8679.692251758073,-8663.164968794217,-16.527282963856123
realm,realm-cocoa,e20ecff78ffe34cbfb5d6fcfcf334deef82803d3,d24a6b33ee7048dca2e6cd94ac3ed4a2904644d7,-1042.106252946547,-1043.188090373168,1.0818374266209503
mantisbt,mantisbt,2a1eed9db111c0b1c8e9036ba3a2dcc21255e7fc,4b0e0d5d5494c347a8dfebb35605a73a457a2d00,-82212.1200486329,-82212.1200486329,0.0
grails,grails-core,757fa246e8047e1f1657bc7b4e1a662a028d8156,65c7ad979545b9f5e8781b0c5eb0266fad2f366b,16634.08797263349,16634.08797263349,0.0
cakephp,cakephp,c1680b2dede92d2c1baf9d9a6493c7af4dbb7bbc,318d7c1c1ff0e8dac79084a8ffc99d58ad0f778a,25633.279097918305,25604.586658263423,28.692439654882037
Graylog2,graylog2-server,60ce52a866d0f35d9afb152a6e7c72be3a3f624c,41a0ddf23af453aa80af1580229261fc9646b4dc,17750.728682565314,17748.685366819038,2.0433157462757663
mojombo,god,210907fa9a9fdf765b7241666ac93682adc372db,1f23f631322fa83353ce06f671cb9ad5a779ef4a,1487.1931939802812,1487.5086907869,-0.31549680661873936
MISP,MISP,e74aabf924db998dccdd444109263a38caf6f39a,8e8f41ab13e574ef2b98408229dd5cf4613afb9a,-43375.8905861304,-43375.8905861304,0.0
toretore,barby,bff5b21bc2a08300569d6b81f09c41e39297455e,cd497a93b52f97ffe2aa8f196b8926affbdc7291,1002.5009739378663,997.7371079016859,4.763866036180389
cakephp,cakephp,6c905411bac66caad5e220a70e3d561b8a648507,46f8de72a2be00ab10ebbf6536a50b4982f34701,-350.67173443879074,-366.28664646656546,15.614912027774722
rubinius,rubinius,0f37846c2e23c8453b55d0ea598d17f1cbaedc32,aee7f2b9289f4d9cf77d85281b04bae8e0f8681f,-1072084.8245998153,-1072010.9549480858,-73.86965172947384
josh,rails,3c0129af6d045654284f60db26124b9324d2fa94,a41619681f7bbf558989b377df8eb8987b694943,4826.554626740181,4828.819704813401,-2.265078073219229
mantisbt,mantisbt,f017e817762b3348d8c36f17324f07a62393656f,8bf42a625ee0d2372810acbde33be7a7fcc2aa17,-79484.33985291689,-79482.71113278072,-1.628720136170159
cloudius-systems,osv,1b880d17faf273a3a49c121a3bf65c8c0617cd1b,7166013b2927cd9a0c6bf080db07e04d4823f01b,-788974.521074913,-788964.3723070342,-10.148767878767103
mantisbt,mantisbt,34de876c4d7ec870f4234675b5a2bed8e71f7450,f61a4ab229059f4a424609bc20757b7bd6c56f9b,-32263.685982859704,-32263.685982859704,0.0
slimphp,Slim,ae7c4815929af0baa0abdc6f81e0dc73f1ff785e,09545b50a6c1bfb10d1ab7bac60592b8a78a3e2f,1212.9398885424712,1211.1443337331266,1.795554809344594
openssl,openssl,d0a4b7d1a2948fce38515b8d862f43e7ba0ebf74,1250f12613b61758675848f6600ebd914ccd7636,-1879881.6131482772,-1879837.9764621148,-43.63668616232462
MPOS,php-mpos,e5c97201741671a45bae2334eec49739c7495f59,9ccb5e15bc2383c30e160b0fd3a71b84e6b14acb,-15520.810392202926,-15466.462148204524,-54.34824399840181
forkcms,forkcms,995220182068518e89019a265d113518f6566407,4462ca5cb984294d3212e11a2aa8ae8adca094d3,-494.3594518488177,-494.3594518488177,0.0
php,php-src,08b72ac9f12890793bc67446e4999892607bbf7b,c374b80dda6e07f7dbc1e43a095c075beee6ca5f,-13184.852811502675,-13181.192307906373,-3.660503596302078
cocos2d,cocos2d-objc,a3002d3d416524c53da6534a819a41db8c952e9d,b98703fb827297dadcfdb423ca181b92217bd504,4187.106023426921,4191.798357037011,-4.692333610089918
moodle,moodle,e5e02e46861f9c1b88782cb1ef8737253412be33,36ea9a6c98505cbe34c2af0be6c984be97cb0656,-2080340.8199701398,-2080302.7760151038,-38.04395503597334
schematics,schematics,a5706c9fda060341bf6ad15e82d3eb418dff06ae,126010dca719601837205348e1959723f1515a51,228.98536014958034,160.90488636936556,68.08047378021479
ci-bonfire,Bonfire,401cca69ee8b7e3a7c4111869dfb7426305448b8,66fdc596915721cf699448233e2eca756c59f4f6,547.0733811907567,547.0733811907567,0.0
owncloud,core,d71c4db10aad0b1684087c745dcd10560351efb2,564b0358f91df832afdf3a0fd27eaa349508c964,-12260.116484222679,-12260.116484222679,0.0
josh,rails,bea9c9b4c0f9bb7356ea2058118fe40495432010,b31a7a6f1ec3c74f75b4cd12386b08295287418d,17547.219574103205,17547.219574103205,0.0
josh,rails,8a39f411dc3c806422785b1f4d5c7c9d58e4bf85,b0555bb88b090ca981fcc7661b6f9ea333e7f42e,13967.578503629462,13970.214731575688,-2.636227946226427
openssl,openssl,1d2a18dc5a3b3363e17db5af8b6b0273856ac077,7ead0c89185c46378e3ed85c0012d083f4b3039b,-91448.86257601294,-91448.86257601294,0.0
cakephp,cakephp,e421b3bc8fe35747c42f9ab1e765acfcb13099d3,545f4d281141951565834c02745a4994c087e749,-1074.6235333837417,-1085.3983524943994,10.774819110657745
cakephp,cakephp,69e5226fd2b3a9f6386527ef00159a03c53bbf0c,c4031bfd0a45420ef17a4a3eec45971c28e8e31f,21111.427900925948,21111.427900925948,0.0
mantisbt,mantisbt,c154fafcabdc1226ec19985c9bb42331eadcd7ac,880db8239af02a76994eb923e12d59f247ea0591,-76894.28446207326,-76894.28446207326,0.0
WordPress,WordPress,1aebecad96bf2e924f3d1970bbead03ee01eecd6,3b1ee8f5abd84cf5ac2ed3a04614db304a6fee91,-6886.691802808307,-6883.52379861733,-3.1680041909776264
josh,rails,4f002a1df3ee37349e278ba64ef29602ee637ac5,295806e11945a6fa052438a5ff8ef82cb262b977,17342.39817408315,17342.39817408315,0.0
openssl,openssl,b8d243956296458d1782af0d6e7ecfe6deae038a,c31dbed70c0be1578276367a1ba420ac935d0c68,-111623.57287011587,-111623.57287011587,0.0
gitbucket,gitbucket,a889ed7c46b2cc420aa104fac81ed603bba9b14d,8643bfeb374be233ed4b734bf082fe2db9499155,1882.0092480993412,1888.0939945674713,-6.084746468130106
forkcms,forkcms,a9d22fb220777aa4890b2901f39e1c56b39b43ec,bc555f7f1857ebaa70b20405d54cc551e7942c11,13688.928160245827,13684.616758535818,4.311401710008795
spring-projects,spring-framework,d67fe1db8693eae899175caf2f936241c3cacf0f,5915b23e8a347de4488c1a2494cc3111f31431b4,-66828.09773257612,-67753.66988751176,925.5721549356385
bmizerany,sinatra,ed98aed36f448f6521b404991aee41161c6756e2,01b1f4945e6e43aa670b7a68e6759fe1cb61b94a,-530.8323096917169,-527.4598870231306,-3.372422668586296
phpmyadmin,phpmyadmin,0933619b6b2534b221817ea3f631cb984c258d6b,b628fcc8a908d0fecf391cf2cc161691255dbbe6,-85851.4356932444,-85845.97623378494,-5.459459459467325
curl,curl,acfa131c8cc94930064c23561892a83295aaffd3,793d0e27e1e752c961dd886dcd106c67f8bc8513,-16564.43287502583,-16560.16215294501,-4.270722080818814
joomla,joomla-cms,5bd36db89c25d352bd58371844804712a4d90519,e7b1362a897fc364d19f10c866bd7f8c563cbcda,-22418.73529970106,-22418.73529970106,0.0
realm,realm-cocoa,71c22186fa7ef3626a26201c134ef2cef8a53189,13c6bc97eb6161671fcb39fff109c7cbf4ee2e31,-1310.2243777008746,-1310.2243777008746,0.0
owncloud,core,ec1596054f9c9da9aae958b02e441185bd1b9f79,98d0d48b54764162cfa9315e3c1f42915801d16f,17205.44033852246,17205.44033852246,0.0
dlitz,pycrypto,a515b7a4a417e82c7822edb2afe63dd896f3db1e,447a6194285701b36a320fe5ba548859e88d4d05,1454.6182748265553,1454.0253520979763,0.5929227285789693
curl,curl,3454319c17d817a0eba289158493d4066d57cdbb,02c78ecf8134fc9961efd3563970672858d503fd,-16471.216439191354,-16471.515886135694,0.2994469443401613
Codiad,Codiad,dad3f56b0c5ccf02370fd4d9885b3ac4ace7504a,7b01d10681845cdf36e9b7641f91debe75c44eb2,3891.667746689136,4315.190577347511,-423.5228306583749
MISP,MISP,0614db919e0cb0f463354aedb4bd20f1a8d4cf0b,62a3da46f2aeb728544665c51bb39172df2196bd,-43779.27829346984,-43782.7115119224,3.433218452562869
josh,rails,605aadb3cdba9f469e88c39c0cad7448d59a9f0c,fc042435a6f571684314d60e9605e3331b7435f9,7956.662530695255,7956.162530695255,0.5
juozasg,catabuzz,dba311fbd1a0e8992e4034c16ccdd1b96c75ca9a,bb87bb93a26d8714fe95ab4dc5727d6715b5e380,354.07404307513497,360.4888629905854,-6.414819915450437
josh,rails,fad83d8cbbbd0862a758a1c09c7dcc6f74a25d60,64249223ebb2b51814d8764c498b14a12d072b83,14686.733331836755,14689.003433160673,-2.270101323918425
josh,rails,99e9faeda8f039d34e9eeab319e8adc13cb9bc86,d70d5219554b55b24586d559bd39d829317d523d,6036.783894653708,6036.400272835829,0.38362181787852023
josh,rails,2d02199e1581db8dc84361803950b1697f493fc0,4965b1b96163aa7bbc5f14d237683a12300e0798,7902.350237549879,7952.843156870936,-50.49291932105643
josh,rails,39ca25f5c42470b4a446fa7688bce22767d82d79,1650bb3d56897cfef4c7e6b86a36eed4f1a41df5,17433.916971931892,17431.9780068673,1.9389650645935035
openssl,openssl,61e72d761c945e128ca13599a98a187ac23650dd,870063c83db6514b0cb637b86cadbc9f5c2270a9,-1741437.2374387563,-1741288.0760288588,-149.16140989749692
splitbrain,dokuwiki,d1ed0b61f4795d01c2d9675949d2aad4568bc0c7,894a80cc56d188b10cc78bb4c088bea731f991a2,-4459.296213773192,-4463.302612389385,4.00639861619311
DrMark,ultrasphinx,91c149cc24de8e42651f8b1e049ed1d656800b12,af5493aedeeb35ac3c12fa927c6d0817922b2089,63.86434574615887,45.8355594895571,18.02878625660177
josh,rails,3ddd7f7ec9b156e4b7de4c23d448c2db98f30504,8ce57652b224c01d474ef20b27ea3c3838534467,12025.101902611925,12035.279380070893,-10.177477458968497
php,php-src,87da8f58e2e6ff1ef2ac1ab68185c263ef023987,c1765d7ffe94fd3278449db7b910cfc9263db13e,-13378.59368482898,-12996.197308380933,-382.3963764480468
josh,rails,f92d6a07d0d01226fb80c82608d332843c01f2d6,44e6aa7e19928f401e8728ddc2f4d7f6e3d6e105,5842.321529254356,5842.1819589011275,0.13957035322891898
splitbrain,dokuwiki,f23f95941a400702f525923973f3612df6da82cb,6abea1c0be56a2cb5575c8921c3e6661ed565697,-21562.401168009656,-21562.08432048701,-0.31684752264482086
josh,rails,8be6913990c30f63618173da722148892348dcc9,5dc2e3531babcbdc165884d1a47cbcd13455522d,16827.126065981316,16827.126065981316,0.0
php,php-src,0fb7618d6e74b4304d0512f5fe64770e3944dad6,a6bcfeccf773485657e8fd99f121a5810cfe2097,-85152.54717224321,-85152.79521295197,0.24804070875688922
Pylons,pyramid,3a6cbcce80b5292082b2f4e2f920d2df127e2774,cefcf8732b9e17bcde5b2b16fdd9c5118caa3f83,-602.1984775344131,-584.6006832888551,-17.59779424555802
WordPress,WordPress,0438d27410272424a5943b5032efffd4a760aede,35be5138e9e989bba415e827e1e2f91c01d340e8,-175510.76974351794,-175438.87193231127,-71.89781120666885
cakephp,cakephp,fa86150d024f737d3b890396f6834cf1adbd92be,c46244d5cea0d069fce4a31746f19887861e110a,23036.902003571533,23000.44174107141,36.46026250012437
nextcloud,server,af6f5e8fad2584b5291a0ada8695d5a0a9952a13,dd03fdebec98cfbfb40e968904492e99dbdc4cb8,-226360.21528783112,-229844.0606472371,3483.8453594059683
curl,curl,d20def20462e7eed5cb8a078c9e09599307346d3,d2b36e466afd69b6e2b202aca21db3bd2e48b190,-49503.36563267054,-49503.88368109908,0.5180484285447164
forkcms,forkcms,acd6e0d9a3f8cb67da3cf5b8cc82c5f7afec1cfd,eb3aa4bce9bd1c81af70691a707f77fe2fcf7530,13684.616758535818,13684.616758535818,0.0
php,php-src,0d1998e34ff487aab6451963d60697dd5b5b0115,2f0d084ab8228e1e5704a3fb66fb1c9cd6bd411e,-9951.164811056562,-9951.412851765319,0.24804070875688922
josh,rails,4003a5bd76ece6d5273e00bf9f468fbdcf9ce1d6,4c34ad37b2e15731ecf22686fa98755ca0c4757e,18593.75772892766,18593.75772892766,0.0
Graylog2,graylog2-server,6bd76c3e4e0609f7447ba6547a591a1d247dfe51,d30d9b7f9525ef9113ebe52aa8da5394f123d188,2533.2714532458403,2533.2714532458403,0.0
joomla,joomla-cms,de79fbb8d15c30e2433a4303c7e93d3687980ccd,dfc894ae15316599f170587818b82febab3856bc,-26819.2870478121,-26819.2870478121,0.0
edx,edx-platform,f351b05031dfeda252518ea66f6e007884aa433d,9e8a24bfc0efc218da55ccbb3a92d9d95243cc45,18072.006852211813,18066.53247742853,5.474374783283565
php,php-src,758af77e9d1c3c6e5aea365bc0d35c385278ad5a,afb6ca2566691a673b7e638ffd7e3181e21d80a3,-20527.5704834171,-20528.331850044022,0.7613666269207897
deeplearning4j,deeplearning4j,5b85fe3577ca13836183057a79e02f92ec9f8d3c,72b70da28e19c1571334e0fd23b2a58cd9441461,-2042.916577144615,-2043.19221292565,0.27563578103490727
facebook,buck,f15ddd0857c06e22162acbf6dd09e2169e34c8be,0a1d56cb84380b3a3563402721cf2829f7e1d66d,26077.422966113045,25940.09102992802,137.33193618502628
dlitz,pycrypto,4669b04c6f9e4cb895abd227dffc7f6718425a70,80252248ab1ac8599b946e026dd8895146977903,4685.403376849542,4675.480864679634,9.92251216990826
josh,rails,33cb47ee488b2381d87f5bb36818cae5fa76c22e,1879c259b870938c42d5d52f63123bfa0b8c81c8,17498.070982968027,17498.070982968027,0.0
josh,rails,68e4442ec720ca6730959681951f5862f97b5772,c5bdf6c5aee61848bee67b307287e2f28ddca173,16448.80789218887,16448.80789218887,0.0
Pylons,pyramid,b809c72a6fc6d286373dea1fcfe6f674efea24a5,4517ec56047d5f33e0b190b69be2be1029612c05,-484.27354061741045,-484.27354061741045,0.0
php,php-src,e41f600365fe9f27727a62a850a4d55416ae856f,c22da81b71abe8c41a94fdea4e95a2bca8ec926d,-4799254.946656593,-4774269.70811725,-24985.23853934277
reverse-shell,routersploit,4fc0d9b2eb43ea0370af527c4f565cea2cb93b5a,235446adfa3281ea749355a461f590be4bf324e9,329.70440991200667,383.3097724278249,-53.60536251581823
josh,rails,e63be2769c039e4e9ada523a8497ce3206cc8a9b,6daa46621b7145fcf948f48bed01d3cfe9221613,18364.99559193792,18366.280579215276,-1.2849872773549578
AFNetworking,AFNetworking,7d8fba1dbb96819e910a4d849d7a6d8662f972ff,e501c8e37b7e1d3f0a48ff6492cb8a3e7c5b43b9,1181.3999035937052,1181.3999035937052,0.0
mantisbt,mantisbt,f5ac454eb63fde102347a021a2af0c535033d572,8414dc7a5e025958d44deb5f9a072e3caa0be381,-82488.19345660454,-82488.19345660454,0.0
P0cL4bs,WiFi-Pumpkin,e62a5bcf5cf5669454e86ab677eeb66d24d47a44,d2d966d8911eb90c3adc4764bc63cf0ae97fba08,-292.72499241630953,-292.72499241630953,0.0
openssl,openssl,e5cb2603652b868225adc1db3db531a07c13b562,6aecef815c3c989f6fa2a7b6edf2984e76306622,-95437.38345912585,-95439.28445265171,1.9009935258654878
haberman,gazelle,278f870414aa841d2b34a6e7b4078171f3d363c1,912eacb66a536349b3e7dd45421d492638180887,10.583863268824464,10.583863268824464,0.0
splitbrain,dokuwiki,93c020ac9b91843bbf74ce62f6f4712e31435fe1,0f3058750a5c51ab212bb73db103969bf6f03953,-4211.011338771117,-4211.011338771117,0.0
owncloud,core,d01b78a4b486860ab7110677e9969a37ee2a832f,4e327295c65b25fc5d6ceec5a8242eecf57b94e2,-23860.8017662964,-23860.8017662964,0.0
mantisbt,mantisbt,a2d90ecabf3bcf3aa22ed9dbbecfd3d37902956f,23da4e0c814e6ed5ee1fc51be6d2b5f15866b7ca,-45892.93324073367,-45892.93324073367,0.0
frappe,erpnext,da79740cdfe4dd73e5ef3840ba45ad2c8df2cb78,3667da1053aed4ac6f8464f3cd91d399ccbaa472,22932.75786018131,22936.84904737517,-4.0911871938587865
dlitz,pycrypto,947b554d85012cf35185ded38ef3484de010d2cf,0782d68840d0ebf850516e606e398b8a5396eb64,5294.647991079864,5337.94615976295,-43.29816868308535
grails,grails-core,426fd41c3f10343506e86a85338bd3b34714b5f2,e6d2467ef35804fb8e10db129a28457f4cc23298,16336.407097271396,16234.492302748351,101.9147945230452
WordPress,WordPress,a858edf40516bc1f66196ac5507b4116985e8342,137705d20ba6f1d878e5f4378905e51c34631316,-54441.99280953863,-54448.66206238742,6.669252848791075
grails,grails-core,6bc7dd8803c00af64cb146073588ce1bc8bb2e0a,d10659d4aec4ca3a6760f04b3b22a9d0ff656e3d,18047.891214520954,18047.891214520954,0.0
josh,rails,d99e8c9e1618f509bb35f052d4bd0d1848bce771,efbb041fb0146d5f633c2e645217f3a734539f11,17346.701284753042,17346.848764139308,-0.1474793862653314
mantisbt,mantisbt,2e4ed26b3b6d5e478fa147c0ed706b33697f959d,6f0d8df6f772e4ef6517ae6fb92057670b07cb5f,-13090.995372462598,-13023.82608661291,-67.1692858496881
cakephp,cakephp,a08c09ab17e5b3e76eeee753917662a3e3691830,33a38118b69ef9289d95183ca24b968f33c33707,-4166.674825196052,-4166.674825196052,0.0
owncloud,core,99cd922b82ca7684967ec3533fcdd5af32c0edc7,c88cf5cae558c598714ca88f5e8fe917c0411d31,2062.5830978741797,2062.5830978741797,0.0
joomla,joomla-cms,c277c23c617d5a9eddd2a45b7a438460d5fc6f15,1011d21ea64aad20ca49d266b860f1afb5ffb18c,-27257.302289337455,-27251.3103763898,-5.991912947654782
php,php-src,dcf67c4433bfe4177595be7c5ae68ae4c308e835,e64b5c704543df0e9d1925cf52622b1dd686410e,-1167235.6631826349,-1167206.763182635,-28.899999999906868
laravel,framework,65d9a061d9209694e8addd9c6ce94dcf5bfe7180,91fd7f2b95c30af866838270beb91be9a2de55f2,13153.108352585024,13154.00569631256,-0.8973437275362812
openssl,openssl,c1ef7c971d0bbf117c3c80f65b5875e2e7b024b1,41bff723c6784cc846054a4fd4add6dbec8c2c64,-1794050.5755595681,-1793893.7115350089,-156.86402455926873
